,WhPerMile,kWhRequested,milesRequested,minutesAvailable,modifiedAt,paymentRequired,requestedDeparture,userID
0,400,20.0,50,59,"Mon, 10 Feb 2020 20:55:44 GMT",True,"Mon, 10 Feb 2020 21:53:47 GMT",6140
1,400,68.0,170,59,"Mon, 10 Feb 2020 20:56:22 GMT",True,"Mon, 10 Feb 2020 21:53:47 GMT",6140
2,400,72.0,180,238,"Mon, 10 Feb 2020 21:03:35 GMT",True,"Tue, 11 Feb 2020 00:52:47 GMT",6140
3,400,75.2,188,444,"Mon, 10 Feb 2020 21:03:52 GMT",True,"Tue, 11 Feb 2020 04:18:47 GMT",6140
4,400,75.2,188,514,"Tue, 11 Feb 2020 04:44:50 GMT",True,"Tue, 11 Feb 2020 05:28:47 GMT",6140
5,400,75.2,188,514,"Tue, 11 Feb 2020 04:45:09 GMT",True,"Tue, 11 Feb 2020 05:28:47 GMT",6140
0,350,7.0,20,471,"Tue, 11 Feb 2020 16:59:11 GMT",True,"Tue, 11 Feb 2020 23:37:05 GMT",6062
1,350,7.0,20,471,"Tue, 11 Feb 2020 20:25:34 GMT",True,"Tue, 11 Feb 2020 23:37:05 GMT",6062
0,250,25.0,100,60,"Tue, 11 Feb 2020 18:36:11 GMT",True,"Tue, 11 Feb 2020 19:26:55 GMT",6171
1,250,25.0,100,394,"Tue, 11 Feb 2020 18:37:50 GMT",True,"Wed, 12 Feb 2020 01:00:55 GMT",6171
2,250,37.5,150,61,"Tue, 11 Feb 2020 18:38:10 GMT",True,"Tue, 11 Feb 2020 19:27:55 GMT",6171
3,250,37.5,150,402,"Tue, 11 Feb 2020 18:39:20 GMT",True,"Wed, 12 Feb 2020 01:08:55 GMT",6171
4,250,37.5,150,371,"Tue, 11 Feb 2020 18:41:58 GMT",True,"Wed, 12 Feb 2020 00:37:55 GMT",6171
5,250,52.5,210,284,"Tue, 11 Feb 2020 22:20:34 GMT",True,"Tue, 11 Feb 2020 23:10:55 GMT",6171
6,250,52.5,210,373,"Tue, 11 Feb 2020 23:50:34 GMT",True,"Wed, 12 Feb 2020 00:39:55 GMT",6171
0,350,7.0,20,405,"Wed, 12 Feb 2020 18:05:16 GMT",True,"Wed, 12 Feb 2020 22:06:31 GMT",6062
0,400,12.0,30,386,"Wed, 12 Feb 2020 18:40:51 GMT",True,"Thu, 13 Feb 2020 01:02:30 GMT",4400
0,250,35.0,140,373,"Wed, 12 Feb 2020 18:46:44 GMT",True,"Thu, 13 Feb 2020 00:58:46 GMT",6171
0,400,40.0,100,113,"Wed, 12 Feb 2020 23:36:47 GMT",True,"Wed, 12 Feb 2020 21:34:58 GMT",6189
0,400,16.0,40,345,"Wed, 12 Feb 2020 22:29:26 GMT",True,"Thu, 13 Feb 2020 04:13:59 GMT",6038
1,400,16.0,40,345,"Wed, 12 Feb 2020 22:30:09 GMT",True,"Thu, 13 Feb 2020 04:13:59 GMT",6038
2,400,16.0,40,345,"Wed, 12 Feb 2020 23:45:05 GMT",True,"Thu, 13 Feb 2020 04:13:59 GMT",6038
0,400,16.0,40,345,"Thu, 13 Feb 2020 14:55:42 GMT",True,"Thu, 13 Feb 2020 20:39:53 GMT",6038
1,400,16.0,40,412,"Thu, 13 Feb 2020 14:56:48 GMT",True,"Thu, 13 Feb 2020 21:46:53 GMT",6038
0,400,40.0,100,410,"Thu, 13 Feb 2020 15:36:18 GMT",True,"Thu, 13 Feb 2020 22:25:57 GMT",3618
0,400,40.0,100,382,"Thu, 13 Feb 2020 19:24:52 GMT",True,"Fri, 14 Feb 2020 01:46:29 GMT",6189
1,400,40.0,100,332,"Thu, 13 Feb 2020 19:24:59 GMT",True,"Fri, 14 Feb 2020 00:56:29 GMT",6189
0,350,7.0,20,258,"Fri, 14 Feb 2020 21:01:48 GMT",True,"Fri, 14 Feb 2020 20:25:02 GMT",6062
0,400,40.0,100,418,"Fri, 14 Feb 2020 19:27:21 GMT",True,"Sat, 15 Feb 2020 02:24:57 GMT",6189
1,400,40.0,100,347,"Fri, 14 Feb 2020 19:28:00 GMT",True,"Sat, 15 Feb 2020 01:13:57 GMT",6189
0,400,40.0,100,347,"Mon, 17 Feb 2020 19:34:49 GMT",True,"Tue, 18 Feb 2020 01:21:32 GMT",6189
0,350,7.0,20,258,"Wed, 19 Feb 2020 15:39:27 GMT",True,"Wed, 19 Feb 2020 19:45:55 GMT",6062
0,400,40.0,100,387,"Wed, 19 Feb 2020 17:50:42 GMT",True,"Thu, 20 Feb 2020 00:17:23 GMT",3618
1,400,40.0,100,1000,"Thu, 20 Feb 2020 01:19:21 GMT",True,"Thu, 20 Feb 2020 10:30:23 GMT",3618
0,400,40.0,100,347,"Wed, 19 Feb 2020 19:27:43 GMT",True,"Thu, 20 Feb 2020 01:14:33 GMT",6189
0,350,7.0,20,258,"Thu, 20 Feb 2020 15:48:16 GMT",True,"Thu, 20 Feb 2020 19:51:50 GMT",6062
0,396,51.48,130,416,"Thu, 20 Feb 2020 17:21:21 GMT",True,"Fri, 21 Feb 2020 00:04:26 GMT",6297
1,396,79.2,200,75,"Thu, 20 Feb 2020 17:37:55 GMT",True,"Thu, 20 Feb 2020 18:23:26 GMT",6297
2,396,79.2,200,81,"Thu, 20 Feb 2020 17:43:53 GMT",True,"Thu, 20 Feb 2020 18:29:26 GMT",6297
3,298,59.6,200,82,"Thu, 20 Feb 2020 17:48:41 GMT",True,"Thu, 20 Feb 2020 18:30:26 GMT",6297
0,400,40.0,100,402,"Thu, 20 Feb 2020 18:08:02 GMT",True,"Fri, 21 Feb 2020 00:49:40 GMT",3618
0,400,40.0,100,347,"Thu, 20 Feb 2020 19:50:23 GMT",True,"Fri, 21 Feb 2020 01:37:12 GMT",6189
0,350,7.0,20,262,"Fri, 21 Feb 2020 16:15:15 GMT",True,"Fri, 21 Feb 2020 20:22:33 GMT",6062
0,400,40.0,100,347,"Fri, 21 Feb 2020 19:52:36 GMT",True,"Sat, 22 Feb 2020 01:39:14 GMT",6189
0,400,40.0,100,402,"Fri, 21 Feb 2020 21:09:18 GMT",True,"Sat, 22 Feb 2020 03:51:06 GMT",3618
0,350,7.0,20,262,"Mon, 24 Feb 2020 16:04:09 GMT",True,"Mon, 24 Feb 2020 20:21:06 GMT",6062
0,500,15.0,30,103,"Mon, 24 Feb 2020 17:02:34 GMT",True,"Mon, 24 Feb 2020 18:44:31 GMT",4400
0,250,35.0,140,428,"Mon, 24 Feb 2020 17:46:42 GMT",True,"Tue, 25 Feb 2020 00:54:42 GMT",6171
0,400,40.0,100,347,"Mon, 24 Feb 2020 19:29:55 GMT",True,"Tue, 25 Feb 2020 01:16:41 GMT",6189
0,350,7.0,20,262,"Tue, 25 Feb 2020 15:34:30 GMT",True,"Tue, 25 Feb 2020 19:46:48 GMT",6062
0,400,40.0,100,402,"Tue, 25 Feb 2020 15:50:29 GMT",True,"Tue, 25 Feb 2020 22:32:16 GMT",3618
1,344,41.28,120,402,"Tue, 25 Feb 2020 15:52:02 GMT",True,"Tue, 25 Feb 2020 22:32:16 GMT",3618
0,500,15.0,30,103,"Tue, 25 Feb 2020 16:48:54 GMT",True,"Tue, 25 Feb 2020 18:31:22 GMT",4400
0,298,5.96,20,82,"Tue, 25 Feb 2020 22:21:49 GMT",True,"Tue, 25 Feb 2020 23:39:39 GMT",6297
1,298,5.96,20,82,"Tue, 25 Feb 2020 22:22:09 GMT",True,"Tue, 25 Feb 2020 23:39:39 GMT",6297
2,298,41.72,140,114,"Tue, 25 Feb 2020 22:22:35 GMT",True,"Wed, 26 Feb 2020 00:11:39 GMT",6297
3,298,65.56,220,125,"Tue, 25 Feb 2020 23:27:19 GMT",True,"Wed, 26 Feb 2020 00:22:39 GMT",6297
0,400,40.0,100,347,"Wed, 26 Feb 2020 19:45:52 GMT",True,"Thu, 27 Feb 2020 01:32:50 GMT",6189
0,298,53.64,180,125,"Thu, 27 Feb 2020 00:28:02 GMT",True,"Wed, 26 Feb 2020 23:17:14 GMT",6297
1,298,53.64,180,125,"Thu, 27 Feb 2020 00:28:21 GMT",True,"Wed, 26 Feb 2020 23:17:14 GMT",6297
0,350,7.0,20,262,"Thu, 27 Feb 2020 15:17:36 GMT",True,"Thu, 27 Feb 2020 19:33:55 GMT",6062
1,350,7.0,20,275,"Thu, 27 Feb 2020 15:31:29 GMT",True,"Thu, 27 Feb 2020 19:46:55 GMT",6062
0,400,24.0,60,412,"Thu, 27 Feb 2020 16:00:23 GMT",True,"Thu, 27 Feb 2020 22:51:48 GMT",6038
0,500,15.0,30,103,"Thu, 27 Feb 2020 17:25:48 GMT",True,"Thu, 27 Feb 2020 19:06:56 GMT",4400
0,298,53.64,180,125,"Thu, 27 Feb 2020 18:43:05 GMT",True,"Thu, 27 Feb 2020 20:47:40 GMT",6297
1,298,26.82,90,386,"Fri, 28 Feb 2020 00:09:47 GMT",True,"Fri, 28 Feb 2020 01:08:40 GMT",6297
2,298,75.99,255,387,"Fri, 28 Feb 2020 00:10:22 GMT",True,"Fri, 28 Feb 2020 01:09:40 GMT",6297
0,344,34.4,100,326,"Thu, 27 Feb 2020 19:11:23 GMT",True,"Fri, 28 Feb 2020 00:36:56 GMT",3618
0,400,40.0,100,347,"Thu, 27 Feb 2020 19:46:20 GMT",True,"Fri, 28 Feb 2020 01:33:06 GMT",6189
0,400,32.0,80,412,"Fri, 28 Feb 2020 14:55:27 GMT",True,"Fri, 28 Feb 2020 21:46:16 GMT",6038
0,350,7.0,20,275,"Fri, 28 Feb 2020 15:59:52 GMT",True,"Fri, 28 Feb 2020 20:23:50 GMT",6062
0,298,5.96,20,387,"Fri, 28 Feb 2020 17:35:50 GMT",True,"Sat, 29 Feb 2020 00:02:09 GMT",6297
0,400,40.0,100,347,"Fri, 28 Feb 2020 19:41:01 GMT",True,"Sat, 29 Feb 2020 01:27:51 GMT",6189
0,344,61.92,180,585,"Mon, 02 Mar 2020 15:37:05 GMT",True,"Tue, 03 Mar 2020 01:21:42 GMT",3618
0,350,7.0,20,275,"Mon, 02 Mar 2020 16:52:29 GMT",True,"Mon, 02 Mar 2020 20:52:04 GMT",6062
0,250,42.5,170,428,"Mon, 02 Mar 2020 18:05:51 GMT",True,"Tue, 03 Mar 2020 01:13:09 GMT",6171
0,400,24.0,60,412,"Mon, 02 Mar 2020 18:52:15 GMT",True,"Tue, 03 Mar 2020 01:43:53 GMT",6038
0,400,40.0,100,347,"Mon, 02 Mar 2020 19:45:37 GMT",True,"Tue, 03 Mar 2020 01:32:22 GMT",6189
0,350,7.0,20,275,"Tue, 03 Mar 2020 19:26:59 GMT",True,"Tue, 03 Mar 2020 20:03:27 GMT",6062
0,298,56.62,190,387,"Tue, 03 Mar 2020 19:56:44 GMT",True,"Wed, 04 Mar 2020 02:23:09 GMT",6297
0,500,15.0,30,103,"Wed, 04 Mar 2020 00:08:44 GMT",True,"Wed, 04 Mar 2020 01:51:45 GMT",4400
0,400,24.0,60,412,"Wed, 04 Mar 2020 14:57:22 GMT",True,"Wed, 04 Mar 2020 21:49:18 GMT",6038
0,350,7.0,20,275,"Wed, 04 Mar 2020 20:04:12 GMT",True,"Wed, 04 Mar 2020 20:57:14 GMT",6062
0,400,40.0,100,347,"Wed, 04 Mar 2020 19:36:38 GMT",True,"Thu, 05 Mar 2020 01:23:14 GMT",6189
0,400,24.0,60,412,"Thu, 05 Mar 2020 14:46:12 GMT",True,"Thu, 05 Mar 2020 21:37:49 GMT",6038
0,350,7.0,20,275,"Thu, 05 Mar 2020 15:50:42 GMT",True,"Thu, 05 Mar 2020 20:09:54 GMT",6062
1,350,7.0,20,408,"Thu, 05 Mar 2020 18:04:24 GMT",True,"Thu, 05 Mar 2020 22:22:54 GMT",6062
0,400,40.0,100,347,"Thu, 05 Mar 2020 19:43:31 GMT",True,"Fri, 06 Mar 2020 01:30:15 GMT",6189
1,400,40.0,100,347,"Thu, 05 Mar 2020 19:44:33 GMT",True,"Fri, 06 Mar 2020 01:30:15 GMT",6189
0,276,33.12,120,368,"Thu, 05 Mar 2020 19:47:27 GMT",True,"Fri, 06 Mar 2020 01:54:30 GMT",3618
0,400,24.0,60,412,"Fri, 06 Mar 2020 15:02:30 GMT",True,"Fri, 06 Mar 2020 21:53:43 GMT",6038
0,276,57.96,210,540,"Fri, 06 Mar 2020 15:36:54 GMT",True,"Sat, 07 Mar 2020 00:36:23 GMT",3618
0,350,7.0,20,408,"Fri, 06 Mar 2020 18:46:19 GMT",True,"Fri, 06 Mar 2020 22:52:45 GMT",6062
0,500,15.0,30,103,"Fri, 06 Mar 2020 17:00:39 GMT",True,"Fri, 06 Mar 2020 18:43:17 GMT",4400
0,267,5.34,20,60,"Fri, 06 Mar 2020 17:56:01 GMT",True,"Fri, 06 Mar 2020 18:55:27 GMT",6429
0,400,40.0,100,347,"Fri, 06 Mar 2020 20:00:20 GMT",True,"Sat, 07 Mar 2020 01:47:00 GMT",6189
0,350,7.0,20,408,"Mon, 09 Mar 2020 16:07:35 GMT",True,"Mon, 09 Mar 2020 22:51:14 GMT",6062
0,250,42.5,170,428,"Mon, 09 Mar 2020 17:35:25 GMT",True,"Tue, 10 Mar 2020 00:42:19 GMT",6171
0,250,25.0,100,266,"Mon, 09 Mar 2020 19:16:29 GMT",True,"Mon, 09 Mar 2020 23:05:30 GMT",6189
1,600,60.0,100,287,"Mon, 09 Mar 2020 23:33:54 GMT",True,"Mon, 09 Mar 2020 23:26:30 GMT",6189
0,400,48.0,120,412,"Tue, 10 Mar 2020 17:45:30 GMT",True,"Wed, 11 Mar 2020 00:36:32 GMT",6038
0,250,60.0,240,514,"Tue, 10 Mar 2020 19:01:44 GMT",True,"Wed, 11 Mar 2020 03:34:01 GMT",6171
0,400,12.0,30,154,"Tue, 10 Mar 2020 21:40:59 GMT",True,"Wed, 11 Mar 2020 00:14:46 GMT",6620
0,350,7.0,20,408,"Wed, 11 Mar 2020 15:32:39 GMT",True,"Wed, 11 Mar 2020 22:14:51 GMT",6062
0,400,48.0,120,412,"Wed, 11 Mar 2020 15:46:42 GMT",True,"Wed, 11 Mar 2020 22:38:19 GMT",6038
0,600,36.0,60,287,"Wed, 11 Mar 2020 18:36:04 GMT",True,"Wed, 11 Mar 2020 23:22:27 GMT",6189
0,350,7.0,20,408,"Thu, 12 Mar 2020 14:47:52 GMT",True,"Thu, 12 Mar 2020 21:31:19 GMT",6062
0,400,16.0,40,447,"Thu, 12 Mar 2020 15:29:25 GMT",True,"Thu, 12 Mar 2020 22:55:11 GMT",6620
0,400,32.0,80,249,"Thu, 12 Mar 2020 21:59:34 GMT",True,"Fri, 13 Mar 2020 02:05:57 GMT",6038
1,400,32.0,80,65,"Thu, 12 Mar 2020 22:00:24 GMT",True,"Thu, 12 Mar 2020 23:01:57 GMT",6038
0,400,32.0,80,65,"Fri, 13 Mar 2020 13:54:12 GMT",True,"Fri, 13 Mar 2020 14:58:30 GMT",6038
0,350,7.0,20,408,"Fri, 13 Mar 2020 14:57:03 GMT",True,"Fri, 13 Mar 2020 21:38:09 GMT",6062
0,400,16.0,40,305,"Fri, 13 Mar 2020 18:22:28 GMT",True,"Fri, 13 Mar 2020 23:27:10 GMT",6620
0,250,42.5,170,514,"Fri, 13 Mar 2020 18:22:23 GMT",True,"Sat, 14 Mar 2020 02:56:24 GMT",6171
0,600,36.0,60,244,"Fri, 13 Mar 2020 19:08:23 GMT",True,"Fri, 13 Mar 2020 23:12:02 GMT",6189
0,400,16.0,40,305,"Mon, 16 Mar 2020 15:12:40 GMT",True,"Mon, 16 Mar 2020 20:17:17 GMT",6620
0,350,7.0,20,408,"Mon, 16 Mar 2020 20:09:20 GMT",True,"Mon, 16 Mar 2020 23:13:36 GMT",6062
0,250,42.5,170,514,"Tue, 17 Mar 2020 01:45:04 GMT",True,"Tue, 17 Mar 2020 10:18:51 GMT",6171
0,400,32.0,80,65,"Tue, 17 Mar 2020 15:13:07 GMT",True,"Tue, 17 Mar 2020 16:17:55 GMT",6038
0,400,20.0,50,306,"Wed, 18 Mar 2020 14:56:32 GMT",True,"Wed, 18 Mar 2020 19:50:46 GMT",6620
1,400,20.0,50,509,"Wed, 18 Mar 2020 14:58:03 GMT",True,"Wed, 18 Mar 2020 23:13:46 GMT",6620
0,400,20.0,50,509,"Mon, 23 Mar 2020 20:49:57 GMT",True,"Tue, 24 Mar 2020 05:18:57 GMT",6620
0,400,20.0,50,509,"Tue, 24 Mar 2020 17:46:29 GMT",True,"Wed, 25 Mar 2020 02:15:17 GMT",6620
0,400,20.0,50,509,"Thu, 26 Mar 2020 14:58:51 GMT",True,"Thu, 26 Mar 2020 23:27:40 GMT",6620
0,400,20.0,50,509,"Mon, 30 Mar 2020 15:33:22 GMT",True,"Tue, 31 Mar 2020 00:01:21 GMT",6620
0,400,20.0,50,509,"Tue, 31 Mar 2020 17:03:09 GMT",True,"Wed, 01 Apr 2020 01:31:40 GMT",6620
0,400,20.0,50,509,"Wed, 01 Apr 2020 16:39:57 GMT",True,"Thu, 02 Apr 2020 01:08:41 GMT",6620
0,400,20.0,50,509,"Fri, 03 Apr 2020 14:25:06 GMT",True,"Fri, 03 Apr 2020 22:53:22 GMT",6620
0,400,20.0,50,509,"Tue, 07 Apr 2020 15:44:15 GMT",True,"Wed, 08 Apr 2020 00:12:55 GMT",6620
0,400,20.0,50,509,"Wed, 08 Apr 2020 15:26:22 GMT",True,"Wed, 08 Apr 2020 23:55:02 GMT",6620
0,400,20.0,50,509,"Thu, 09 Apr 2020 15:16:14 GMT",True,"Thu, 09 Apr 2020 23:44:52 GMT",6620
0,400,20.0,50,509,"Mon, 13 Apr 2020 15:43:43 GMT",True,"Tue, 14 Apr 2020 00:12:30 GMT",6620
0,400,20.0,50,509,"Tue, 14 Apr 2020 18:11:43 GMT",True,"Wed, 15 Apr 2020 02:39:02 GMT",6620
0,400,20.0,50,509,"Wed, 15 Apr 2020 14:36:04 GMT",True,"Wed, 15 Apr 2020 23:04:47 GMT",6620
0,400,20.0,50,509,"Thu, 16 Apr 2020 16:47:27 GMT",True,"Fri, 17 Apr 2020 01:16:05 GMT",6620
0,400,20.0,50,509,"Mon, 20 Apr 2020 15:55:39 GMT",True,"Tue, 21 Apr 2020 00:24:17 GMT",6620
0,400,20.0,50,509,"Wed, 22 Apr 2020 15:53:13 GMT",True,"Thu, 23 Apr 2020 00:22:14 GMT",6620
0,400,20.0,50,509,"Fri, 24 Apr 2020 15:40:18 GMT",True,"Sat, 25 Apr 2020 00:08:57 GMT",6620
0,400,75.2,188,514,"Fri, 24 Apr 2020 21:53:24 GMT",True,"Sat, 25 Apr 2020 06:27:17 GMT",6140
0,400,24.0,60,509,"Mon, 27 Apr 2020 15:21:22 GMT",True,"Mon, 27 Apr 2020 23:50:07 GMT",6620
0,400,24.0,60,509,"Thu, 30 Apr 2020 15:32:46 GMT",True,"Fri, 01 May 2020 00:01:29 GMT",6620
0,400,24.0,60,509,"Mon, 04 May 2020 15:48:14 GMT",True,"Tue, 05 May 2020 00:17:03 GMT",6620
0,400,24.0,60,509,"Thu, 07 May 2020 15:27:17 GMT",True,"Thu, 07 May 2020 23:55:35 GMT",6620
0,400,75.2,188,514,"Fri, 08 May 2020 18:15:12 GMT",True,"Sat, 09 May 2020 02:48:41 GMT",6140
0,400,24.0,60,509,"Fri, 08 May 2020 18:18:44 GMT",True,"Sat, 09 May 2020 02:47:28 GMT",6620
0,250,50.0,200,542,"Tue, 12 May 2020 00:20:05 GMT",True,"Tue, 12 May 2020 09:21:50 GMT",6171
0,400,24.0,60,509,"Tue, 12 May 2020 15:44:06 GMT",True,"Wed, 13 May 2020 00:12:51 GMT",6620
1,400,24.0,60,509,"Tue, 12 May 2020 23:58:15 GMT",True,"Wed, 13 May 2020 00:12:51 GMT",6620
0,400,24.0,60,509,"Wed, 13 May 2020 17:54:38 GMT",True,"Thu, 14 May 2020 02:23:14 GMT",6620
0,400,24.0,60,509,"Fri, 15 May 2020 15:40:41 GMT",True,"Sat, 16 May 2020 00:09:03 GMT",6620
0,400,75.2,188,514,"Fri, 15 May 2020 20:23:11 GMT",True,"Sat, 16 May 2020 04:56:52 GMT",6140
0,400,24.0,60,509,"Tue, 19 May 2020 15:47:54 GMT",True,"Wed, 20 May 2020 00:16:33 GMT",6620
0,400,24.0,60,509,"Wed, 20 May 2020 14:42:46 GMT",True,"Wed, 20 May 2020 23:11:38 GMT",6620
0,400,24.0,60,509,"Fri, 22 May 2020 15:20:20 GMT",True,"Fri, 22 May 2020 23:49:14 GMT",6620
0,400,75.2,188,514,"Fri, 22 May 2020 17:05:31 GMT",True,"Sat, 23 May 2020 01:39:12 GMT",6140
1,400,75.2,188,514,"Sat, 23 May 2020 00:18:33 GMT",True,"Sat, 23 May 2020 01:39:12 GMT",6140
0,400,24.0,60,509,"Tue, 26 May 2020 15:49:03 GMT",True,"Wed, 27 May 2020 00:17:49 GMT",6620
0,400,75.2,188,514,"Tue, 26 May 2020 20:47:08 GMT",True,"Wed, 27 May 2020 05:20:32 GMT",6140
1,400,75.2,188,514,"Tue, 26 May 2020 22:16:07 GMT",True,"Wed, 27 May 2020 05:20:32 GMT",6140
0,400,24.0,60,509,"Thu, 28 May 2020 15:23:03 GMT",True,"Thu, 28 May 2020 23:51:49 GMT",6620
0,400,32.0,80,65,"Thu, 28 May 2020 15:47:46 GMT",True,"Thu, 28 May 2020 16:51:31 GMT",6038
0,400,24.0,60,509,"Fri, 29 May 2020 17:03:29 GMT",True,"Sat, 30 May 2020 01:32:21 GMT",6620
0,400,75.2,188,514,"Fri, 29 May 2020 19:07:39 GMT",True,"Sat, 30 May 2020 03:41:39 GMT",6140
1,400,75.2,188,514,"Sat, 30 May 2020 02:41:06 GMT",True,"Sat, 30 May 2020 03:41:39 GMT",6140
0,400,24.0,60,509,"Wed, 03 Jun 2020 15:20:43 GMT",True,"Wed, 03 Jun 2020 23:49:28 GMT",6620
0,400,24.0,60,307,"Thu, 04 Jun 2020 18:18:17 GMT",True,"Thu, 04 Jun 2020 23:25:00 GMT",6620
0,400,28.0,70,418,"Wed, 10 Jun 2020 15:34:23 GMT",True,"Wed, 10 Jun 2020 22:32:01 GMT",6620
0,400,28.0,70,418,"Thu, 11 Jun 2020 16:15:57 GMT",True,"Thu, 11 Jun 2020 23:13:43 GMT",6620
0,400,28.0,70,418,"Fri, 12 Jun 2020 18:30:55 GMT",True,"Sat, 13 Jun 2020 01:28:46 GMT",6620
0,400,75.2,188,514,"Fri, 12 Jun 2020 19:14:41 GMT",True,"Sat, 13 Jun 2020 03:48:41 GMT",6140
1,400,75.2,188,514,"Sat, 13 Jun 2020 04:45:45 GMT",True,"Sat, 13 Jun 2020 03:48:41 GMT",6140
0,400,28.0,70,418,"Mon, 15 Jun 2020 15:31:54 GMT",True,"Mon, 15 Jun 2020 22:29:40 GMT",6620
0,400,28.0,70,418,"Tue, 16 Jun 2020 18:39:31 GMT",True,"Wed, 17 Jun 2020 01:37:15 GMT",6620
0,400,28.0,70,418,"Thu, 18 Jun 2020 14:43:56 GMT",True,"Thu, 18 Jun 2020 21:41:20 GMT",6620
0,400,28.0,70,418,"Fri, 19 Jun 2020 16:35:29 GMT",True,"Fri, 19 Jun 2020 23:33:16 GMT",6620
0,1428,114.24,80,360,"Mon, 22 Jun 2020 17:54:34 GMT",True,"Mon, 22 Jun 2020 22:03:36 GMT",6620
1,1428,114.24,80,360,"Mon, 22 Jun 2020 19:09:15 GMT",True,"Mon, 22 Jun 2020 22:03:36 GMT",6620
0,258,25.8,100,480,"Tue, 23 Jun 2020 01:02:50 GMT",True,"Tue, 23 Jun 2020 09:02:50 GMT",6140
1,258,25.8,100,480,"Fri, 26 Jun 2020 02:53:26 GMT",True,"Tue, 23 Jun 2020 09:02:50 GMT",6140
0,1428,114.24,80,360,"Wed, 24 Jun 2020 15:32:12 GMT",True,"Wed, 24 Jun 2020 21:32:01 GMT",6620
0,1428,114.24,80,360,"Thu, 25 Jun 2020 16:21:39 GMT",True,"Thu, 25 Jun 2020 22:21:29 GMT",6620
0,1428,114.24,80,360,"Fri, 26 Jun 2020 17:12:09 GMT",True,"Fri, 26 Jun 2020 23:11:56 GMT",6620
0,1428,114.24,80,360,"Sun, 28 Jun 2020 17:21:16 GMT",True,"Sun, 28 Jun 2020 23:21:04 GMT",6620
0,1428,114.24,80,360,"Mon, 29 Jun 2020 16:43:31 GMT",True,"Mon, 29 Jun 2020 22:43:15 GMT",6620
0,1428,114.24,80,360,"Wed, 01 Jul 2020 14:30:49 GMT",True,"Wed, 01 Jul 2020 20:30:39 GMT",6620
0,1428,114.24,80,360,"Thu, 02 Jul 2020 16:42:51 GMT",True,"Thu, 02 Jul 2020 22:42:41 GMT",6620
0,290,11.6,40,115,"Thu, 02 Jul 2020 17:36:47 GMT",True,"Thu, 02 Jul 2020 19:28:37 GMT",7443
0,258,25.8,100,480,"Thu, 02 Jul 2020 19:43:42 GMT",True,"Fri, 03 Jul 2020 03:43:42 GMT",6140
1,258,25.8,100,480,"Fri, 03 Jul 2020 05:25:08 GMT",True,"Fri, 03 Jul 2020 03:43:42 GMT",6140
0,258,25.8,100,480,"Mon, 06 Jul 2020 16:00:12 GMT",True,"Tue, 07 Jul 2020 00:00:13 GMT",6140
1,258,25.8,100,1973,"Tue, 07 Jul 2020 20:05:59 GMT",True,"Wed, 08 Jul 2020 00:53:13 GMT",6140
2,258,25.8,100,1973,"Wed, 08 Jul 2020 17:50:36 GMT",True,"Wed, 08 Jul 2020 00:53:13 GMT",6140
0,1428,114.24,80,360,"Mon, 06 Jul 2020 16:48:30 GMT",True,"Mon, 06 Jul 2020 22:48:11 GMT",6620
0,1428,142.8,100,480,"Tue, 07 Jul 2020 17:05:42 GMT",True,"Wed, 08 Jul 2020 01:05:17 GMT",6620
0,1428,114.24,80,360,"Wed, 08 Jul 2020 16:05:27 GMT",True,"Wed, 08 Jul 2020 22:05:15 GMT",6620
0,1428,114.24,80,360,"Fri, 10 Jul 2020 15:35:36 GMT",True,"Fri, 10 Jul 2020 21:35:10 GMT",6620
0,1428,114.24,80,360,"Mon, 13 Jul 2020 20:36:56 GMT",True,"Tue, 14 Jul 2020 02:36:31 GMT",6620
0,1428,114.24,80,360,"Tue, 14 Jul 2020 19:11:07 GMT",True,"Wed, 15 Jul 2020 01:10:49 GMT",6620
1,1428,128.52,90,927,"Tue, 14 Jul 2020 19:11:49 GMT",True,"Wed, 15 Jul 2020 10:37:49 GMT",6620
2,1428,128.52,90,927,"Tue, 14 Jul 2020 19:11:51 GMT",True,"Wed, 15 Jul 2020 10:37:49 GMT",6620
3,1428,128.52,90,927,"Tue, 14 Jul 2020 19:11:53 GMT",True,"Wed, 15 Jul 2020 10:37:49 GMT",6620
0,1428,114.24,80,360,"Wed, 15 Jul 2020 15:51:19 GMT",True,"Wed, 15 Jul 2020 21:50:42 GMT",6620
0,258,25.8,100,480,"Thu, 16 Jul 2020 16:36:51 GMT",True,"Fri, 17 Jul 2020 00:36:52 GMT",6140
1,258,25.8,100,480,"Sat, 18 Jul 2020 02:40:09 GMT",True,"Fri, 17 Jul 2020 00:36:52 GMT",6140
0,1428,114.24,80,360,"Thu, 16 Jul 2020 20:22:57 GMT",True,"Fri, 17 Jul 2020 02:20:03 GMT",6620
0,1428,114.24,80,360,"Fri, 17 Jul 2020 18:56:41 GMT",True,"Sat, 18 Jul 2020 00:55:55 GMT",6620
0,1428,114.24,80,360,"Sat, 18 Jul 2020 17:59:17 GMT",True,"Sat, 18 Jul 2020 23:59:05 GMT",6620
0,1428,114.24,80,360,"Mon, 20 Jul 2020 16:03:20 GMT",True,"Mon, 20 Jul 2020 22:03:08 GMT",6620
0,1428,114.24,80,360,"Wed, 22 Jul 2020 16:24:51 GMT",True,"Wed, 22 Jul 2020 22:24:17 GMT",6620
0,1428,114.24,80,360,"Thu, 23 Jul 2020 16:16:22 GMT",True,"Thu, 23 Jul 2020 22:16:13 GMT",6620
0,1428,114.24,80,360,"Fri, 24 Jul 2020 15:51:23 GMT",True,"Fri, 24 Jul 2020 21:51:15 GMT",6620
0,258,38.7,150,480,"Fri, 24 Jul 2020 19:43:58 GMT",True,"Sat, 25 Jul 2020 03:43:58 GMT",6171
0,258,25.8,100,480,"Fri, 24 Jul 2020 20:49:44 GMT",True,"Sat, 25 Jul 2020 04:49:45 GMT",6140
1,258,25.8,100,480,"Sat, 25 Jul 2020 01:48:05 GMT",True,"Sat, 25 Jul 2020 04:49:45 GMT",6140
0,1428,114.24,80,360,"Mon, 27 Jul 2020 16:46:49 GMT",True,"Mon, 27 Jul 2020 22:45:39 GMT",6620
0,258,25.8,100,480,"Mon, 27 Jul 2020 17:45:01 GMT",True,"Tue, 28 Jul 2020 01:45:01 GMT",6140
1,258,25.8,100,480,"Mon, 27 Jul 2020 20:40:13 GMT",True,"Tue, 28 Jul 2020 01:45:01 GMT",6140
0,1428,114.24,80,360,"Wed, 29 Jul 2020 13:56:36 GMT",True,"Wed, 29 Jul 2020 19:56:28 GMT",6620
0,1428,114.24,80,360,"Thu, 30 Jul 2020 17:04:45 GMT",True,"Thu, 30 Jul 2020 23:04:26 GMT",6620
0,258,25.8,100,480,"Fri, 21 Aug 2020 17:59:54 GMT",True,"Sat, 22 Aug 2020 01:59:54 GMT",6140
0,258,25.8,100,480,"Fri, 21 Aug 2020 23:20:26 GMT",True,"Sat, 22 Aug 2020 07:20:26 GMT",6140
1,258,46.44,180,1421,"Sat, 22 Aug 2020 14:23:26 GMT",True,"Sat, 22 Aug 2020 23:01:26 GMT",6140
2,258,56.76,220,1754,"Sat, 22 Aug 2020 18:00:40 GMT",True,"Sun, 23 Aug 2020 04:34:26 GMT",6140
3,258,90.3,350,2130,"Sat, 22 Aug 2020 18:01:33 GMT",True,"Sun, 23 Aug 2020 10:50:26 GMT",6140
4,258,90.3,350,2130,"Mon, 24 Aug 2020 04:13:55 GMT",True,"Sun, 23 Aug 2020 10:50:26 GMT",6140
0,1428,114.24,80,360,"Tue, 25 Aug 2020 15:24:01 GMT",True,"Tue, 25 Aug 2020 21:23:17 GMT",6620
0,1428,114.24,80,360,"Tue, 25 Aug 2020 20:31:21 GMT",True,"Wed, 26 Aug 2020 02:31:07 GMT",6620
0,1428,114.24,80,360,"Wed, 26 Aug 2020 16:18:09 GMT",True,"Wed, 26 Aug 2020 22:17:39 GMT",6620
0,258,25.8,100,480,"Wed, 26 Aug 2020 21:37:23 GMT",True,"Thu, 27 Aug 2020 05:37:24 GMT",6140
1,258,25.8,100,480,"Thu, 27 Aug 2020 01:51:28 GMT",True,"Thu, 27 Aug 2020 05:37:24 GMT",6140
0,1428,114.24,80,360,"Fri, 28 Aug 2020 15:45:56 GMT",True,"Fri, 28 Aug 2020 21:45:04 GMT",6620
0,258,25.8,100,480,"Mon, 31 Aug 2020 22:39:54 GMT",True,"Tue, 01 Sep 2020 06:39:55 GMT",6140
0,258,54.18,210,905,"Tue, 01 Sep 2020 23:13:27 GMT",True,"Wed, 02 Sep 2020 14:18:28 GMT",6140
1,258,54.18,210,905,"Thu, 03 Sep 2020 17:57:41 GMT",True,"Wed, 02 Sep 2020 14:18:28 GMT",6140
0,1428,114.24,80,360,"Wed, 02 Sep 2020 15:48:30 GMT",True,"Wed, 02 Sep 2020 21:48:04 GMT",6620
0,1428,114.24,80,360,"Fri, 04 Sep 2020 16:06:43 GMT",True,"Fri, 04 Sep 2020 22:06:16 GMT",6620
0,1428,114.24,80,360,"Tue, 08 Sep 2020 15:43:44 GMT",True,"Tue, 08 Sep 2020 21:43:22 GMT",6620
0,1428,114.24,80,360,"Wed, 09 Sep 2020 17:11:21 GMT",True,"Wed, 09 Sep 2020 23:10:59 GMT",6620
0,258,72.24,280,1385,"Wed, 09 Sep 2020 19:58:48 GMT",True,"Thu, 10 Sep 2020 19:03:05 GMT",6140
0,1428,114.24,80,360,"Fri, 11 Sep 2020 16:49:54 GMT",True,"Fri, 11 Sep 2020 22:49:19 GMT",6620
0,1428,114.24,80,360,"Mon, 14 Sep 2020 16:39:54 GMT",True,"Mon, 14 Sep 2020 22:39:44 GMT",6620
0,1428,114.24,80,360,"Tue, 15 Sep 2020 14:50:01 GMT",True,"Tue, 15 Sep 2020 20:49:53 GMT",6620
0,1428,142.8,100,480,"Fri, 18 Sep 2020 15:05:42 GMT",True,"Fri, 18 Sep 2020 23:05:30 GMT",6620
0,1428,114.24,80,360,"Mon, 21 Sep 2020 15:54:06 GMT",True,"Mon, 21 Sep 2020 21:53:54 GMT",6620
0,1428,114.24,80,360,"Mon, 21 Sep 2020 20:22:10 GMT",True,"Tue, 22 Sep 2020 02:21:49 GMT",6620
0,1428,114.24,80,360,"Tue, 22 Sep 2020 15:16:03 GMT",True,"Tue, 22 Sep 2020 21:15:42 GMT",6620
0,258,72.24,280,1385,"Tue, 22 Sep 2020 20:26:45 GMT",True,"Wed, 23 Sep 2020 19:31:45 GMT",6140
0,1428,114.24,80,360,"Fri, 25 Sep 2020 15:55:00 GMT",True,"Fri, 25 Sep 2020 21:54:47 GMT",6620
0,258,72.24,280,1385,"Fri, 25 Sep 2020 18:51:28 GMT",True,"Sat, 26 Sep 2020 17:56:29 GMT",6140
0,1428,114.24,80,360,"Mon, 28 Sep 2020 15:35:44 GMT",True,"Mon, 28 Sep 2020 21:35:29 GMT",6620
0,1428,114.24,80,360,"Tue, 29 Sep 2020 15:49:21 GMT",True,"Tue, 29 Sep 2020 21:48:06 GMT",6620
0,1428,114.24,80,360,"Wed, 30 Sep 2020 15:44:27 GMT",True,"Wed, 30 Sep 2020 21:43:46 GMT",6620
0,1428,114.24,80,360,"Fri, 02 Oct 2020 15:28:25 GMT",True,"Fri, 02 Oct 2020 21:28:15 GMT",6620
0,1428,114.24,80,360,"Mon, 05 Oct 2020 15:20:13 GMT",True,"Mon, 05 Oct 2020 21:19:52 GMT",6620
0,258,72.24,280,1385,"Mon, 05 Oct 2020 19:55:45 GMT",True,"Tue, 06 Oct 2020 19:00:46 GMT",6140
0,1428,114.24,80,360,"Tue, 06 Oct 2020 16:48:43 GMT",True,"Tue, 06 Oct 2020 22:48:06 GMT",6620
0,1428,114.24,80,360,"Wed, 07 Oct 2020 15:41:44 GMT",True,"Wed, 07 Oct 2020 21:41:34 GMT",6620
0,1428,114.24,80,360,"Thu, 08 Oct 2020 18:01:40 GMT",True,"Fri, 09 Oct 2020 00:01:23 GMT",6620
0,1428,114.24,80,360,"Fri, 09 Oct 2020 17:12:52 GMT",True,"Fri, 09 Oct 2020 23:12:44 GMT",6620
0,1428,114.24,80,360,"Mon, 12 Oct 2020 15:37:59 GMT",True,"Mon, 12 Oct 2020 21:37:46 GMT",6620
0,1428,114.24,80,360,"Tue, 13 Oct 2020 17:33:27 GMT",True,"Tue, 13 Oct 2020 23:33:14 GMT",6620
0,1428,114.24,80,360,"Thu, 15 Oct 2020 15:21:43 GMT",True,"Thu, 15 Oct 2020 21:21:33 GMT",6620
0,1428,114.24,80,360,"Fri, 16 Oct 2020 15:13:32 GMT",True,"Fri, 16 Oct 2020 21:13:17 GMT",6620
0,258,72.24,280,1385,"Fri, 16 Oct 2020 22:50:11 GMT",True,"Sat, 17 Oct 2020 21:55:11 GMT",6140
0,1428,114.24,80,360,"Mon, 19 Oct 2020 15:59:46 GMT",True,"Mon, 19 Oct 2020 21:59:28 GMT",6620
0,1428,114.24,80,360,"Tue, 20 Oct 2020 16:24:56 GMT",True,"Tue, 20 Oct 2020 22:24:37 GMT",6620
0,1428,114.24,80,360,"Wed, 21 Oct 2020 16:39:36 GMT",True,"Wed, 21 Oct 2020 22:37:45 GMT",6620
0,1428,114.24,80,360,"Thu, 22 Oct 2020 16:25:45 GMT",True,"Thu, 22 Oct 2020 22:25:05 GMT",6620
0,258,72.24,280,1385,"Thu, 22 Oct 2020 20:26:51 GMT",True,"Fri, 23 Oct 2020 19:31:51 GMT",6140
0,1428,114.24,80,360,"Fri, 23 Oct 2020 14:51:24 GMT",True,"Fri, 23 Oct 2020 20:51:14 GMT",6620
0,1428,114.24,80,360,"Mon, 26 Oct 2020 15:39:26 GMT",True,"Mon, 26 Oct 2020 21:38:36 GMT",6620
0,258,72.24,280,1385,"Tue, 27 Oct 2020 00:34:08 GMT",True,"Tue, 27 Oct 2020 23:39:09 GMT",6140
0,1428,114.24,80,360,"Tue, 27 Oct 2020 17:18:03 GMT",True,"Tue, 27 Oct 2020 23:17:54 GMT",6620
0,1428,114.24,80,360,"Wed, 28 Oct 2020 15:48:03 GMT",True,"Wed, 28 Oct 2020 21:47:48 GMT",6620
0,1428,114.24,80,360,"Thu, 29 Oct 2020 18:00:36 GMT",True,"Fri, 30 Oct 2020 00:00:28 GMT",6620
0,258,72.24,280,1385,"Thu, 29 Oct 2020 20:39:53 GMT",True,"Fri, 30 Oct 2020 19:44:53 GMT",6140
0,1428,142.8,100,480,"Fri, 30 Oct 2020 17:02:36 GMT",True,"Sat, 31 Oct 2020 01:02:24 GMT",6620
0,1428,114.24,80,360,"Mon, 02 Nov 2020 17:24:09 GMT",True,"Mon, 02 Nov 2020 23:13:27 GMT",6620
0,1428,114.24,80,360,"Wed, 04 Nov 2020 16:26:46 GMT",True,"Wed, 04 Nov 2020 22:26:25 GMT",6620
0,1428,114.24,80,360,"Thu, 05 Nov 2020 17:24:17 GMT",True,"Thu, 05 Nov 2020 23:24:02 GMT",6620
0,1428,114.24,80,360,"Fri, 06 Nov 2020 16:50:34 GMT",True,"Fri, 06 Nov 2020 22:49:40 GMT",6620
0,258,72.24,280,1385,"Fri, 06 Nov 2020 22:16:37 GMT",True,"Sat, 07 Nov 2020 21:21:38 GMT",6140
0,1428,114.24,80,360,"Mon, 09 Nov 2020 16:29:16 GMT",True,"Mon, 09 Nov 2020 22:28:27 GMT",6620
0,1428,114.24,80,360,"Wed, 11 Nov 2020 18:35:43 GMT",True,"Thu, 12 Nov 2020 00:35:09 GMT",6620
0,1428,114.24,80,360,"Fri, 13 Nov 2020 17:20:48 GMT",True,"Fri, 13 Nov 2020 23:20:13 GMT",6620
0,1428,114.24,80,360,"Mon, 16 Nov 2020 17:13:54 GMT",True,"Mon, 16 Nov 2020 23:13:42 GMT",6620
0,258,72.24,280,1385,"Mon, 16 Nov 2020 22:22:14 GMT",True,"Tue, 17 Nov 2020 21:27:14 GMT",6140
0,1428,114.24,80,360,"Tue, 17 Nov 2020 17:21:32 GMT",True,"Tue, 17 Nov 2020 23:21:07 GMT",6620
0,1428,114.24,80,360,"Wed, 18 Nov 2020 19:01:06 GMT",True,"Thu, 19 Nov 2020 01:00:46 GMT",6620
0,1428,114.24,80,360,"Fri, 20 Nov 2020 18:00:15 GMT",True,"Sat, 21 Nov 2020 00:00:01 GMT",6620
0,1428,114.24,80,360,"Mon, 23 Nov 2020 18:18:31 GMT",True,"Tue, 24 Nov 2020 00:18:12 GMT",6620
0,1428,114.24,80,360,"Tue, 24 Nov 2020 19:06:30 GMT",True,"Wed, 25 Nov 2020 01:06:16 GMT",6620
0,258,72.24,280,1385,"Tue, 24 Nov 2020 23:06:03 GMT",True,"Wed, 25 Nov 2020 22:11:03 GMT",6140
0,1428,114.24,80,360,"Wed, 25 Nov 2020 16:43:27 GMT",True,"Wed, 25 Nov 2020 22:43:13 GMT",6620
0,1428,114.24,80,360,"Mon, 30 Nov 2020 16:55:21 GMT",True,"Mon, 30 Nov 2020 22:55:06 GMT",6620
0,1428,114.24,80,360,"Tue, 01 Dec 2020 17:17:59 GMT",True,"Tue, 01 Dec 2020 23:17:49 GMT",6620
0,1428,114.24,80,360,"Thu, 03 Dec 2020 19:24:44 GMT",True,"Fri, 04 Dec 2020 01:24:15 GMT",6620
0,258,72.24,280,1385,"Fri, 04 Dec 2020 19:58:09 GMT",True,"Sat, 05 Dec 2020 19:03:09 GMT",6140
0,1428,114.24,80,360,"Mon, 07 Dec 2020 16:30:39 GMT",True,"Mon, 07 Dec 2020 22:30:12 GMT",6620
0,1428,114.24,80,360,"Tue, 08 Dec 2020 17:23:56 GMT",True,"Tue, 08 Dec 2020 23:23:27 GMT",6620
0,258,72.24,280,1385,"Wed, 09 Dec 2020 01:02:10 GMT",True,"Thu, 10 Dec 2020 00:07:11 GMT",6140
0,1428,114.24,80,360,"Mon, 14 Dec 2020 16:32:50 GMT",True,"Mon, 14 Dec 2020 22:32:33 GMT",6620
0,1428,114.24,80,360,"Tue, 15 Dec 2020 17:16:10 GMT",True,"Tue, 15 Dec 2020 23:15:57 GMT",6620
0,1428,114.24,80,360,"Wed, 16 Dec 2020 16:31:31 GMT",True,"Wed, 16 Dec 2020 22:31:06 GMT",6620
0,1428,114.24,80,360,"Thu, 17 Dec 2020 17:40:05 GMT",True,"Thu, 17 Dec 2020 23:39:48 GMT",6620
0,258,72.24,280,1385,"Thu, 17 Dec 2020 18:34:18 GMT",True,"Fri, 18 Dec 2020 17:39:19 GMT",6140
0,1428,114.24,80,360,"Fri, 18 Dec 2020 17:04:18 GMT",True,"Fri, 18 Dec 2020 23:03:56 GMT",6620
0,1428,114.24,80,360,"Mon, 21 Dec 2020 19:10:58 GMT",True,"Tue, 22 Dec 2020 01:10:37 GMT",6620
0,1428,114.24,80,360,"Tue, 22 Dec 2020 18:30:57 GMT",True,"Wed, 23 Dec 2020 00:30:34 GMT",6620
0,1428,114.24,80,360,"Wed, 23 Dec 2020 19:23:14 GMT",True,"Thu, 24 Dec 2020 01:22:46 GMT",6620
0,258,72.24,280,1385,"Wed, 23 Dec 2020 23:10:45 GMT",True,"Thu, 24 Dec 2020 22:15:46 GMT",6140
0,258,72.24,280,1385,"Sun, 27 Dec 2020 01:54:16 GMT",True,"Mon, 28 Dec 2020 00:59:09 GMT",6140
0,1428,114.24,80,360,"Mon, 28 Dec 2020 21:44:42 GMT",True,"Tue, 29 Dec 2020 03:44:12 GMT",6620
0,1428,114.24,80,360,"Tue, 29 Dec 2020 18:52:47 GMT",True,"Wed, 30 Dec 2020 00:52:33 GMT",6620
0,1428,114.24,80,360,"Wed, 30 Dec 2020 20:25:14 GMT",True,"Thu, 31 Dec 2020 02:25:06 GMT",6620
0,258,72.24,280,1385,"Thu, 31 Dec 2020 21:46:16 GMT",True,"Fri, 01 Jan 2021 20:51:17 GMT",6140
0,1428,114.24,80,360,"Sun, 03 Jan 2021 17:42:01 GMT",True,"Sun, 03 Jan 2021 23:41:36 GMT",6620
0,258,72.24,280,1385,"Mon, 04 Jan 2021 00:41:15 GMT",True,"Mon, 04 Jan 2021 23:46:16 GMT",6140
0,1428,114.24,80,360,"Mon, 04 Jan 2021 18:35:33 GMT",True,"Tue, 05 Jan 2021 00:34:49 GMT",6620
0,304,6.08,20,60,"Tue, 05 Jan 2021 00:17:11 GMT",True,"Tue, 05 Jan 2021 01:17:11 GMT",10209
0,304,6.08,20,60,"Tue, 05 Jan 2021 18:39:47 GMT",True,"Tue, 05 Jan 2021 19:39:48 GMT",10209
0,304,6.08,20,60,"Tue, 05 Jan 2021 22:18:10 GMT",True,"Tue, 05 Jan 2021 23:18:11 GMT",10209
0,258,72.24,280,1385,"Wed, 06 Jan 2021 16:36:25 GMT",True,"Thu, 07 Jan 2021 15:41:16 GMT",6140
0,1428,114.24,80,360,"Wed, 06 Jan 2021 17:27:35 GMT",True,"Wed, 06 Jan 2021 23:27:21 GMT",6620
0,304,6.08,20,60,"Thu, 07 Jan 2021 16:34:00 GMT",True,"Thu, 07 Jan 2021 17:34:01 GMT",10209
0,1428,114.24,80,360,"Fri, 08 Jan 2021 15:54:22 GMT",True,"Fri, 08 Jan 2021 21:53:57 GMT",6620
0,1428,114.24,80,360,"Mon, 11 Jan 2021 16:18:06 GMT",True,"Mon, 11 Jan 2021 22:17:43 GMT",6620
0,304,6.08,20,60,"Mon, 11 Jan 2021 22:58:39 GMT",True,"Mon, 11 Jan 2021 23:58:39 GMT",10209
0,258,72.24,280,1385,"Tue, 12 Jan 2021 23:09:13 GMT",True,"Wed, 13 Jan 2021 22:14:13 GMT",6140
0,1428,114.24,80,360,"Wed, 13 Jan 2021 16:21:49 GMT",True,"Wed, 13 Jan 2021 22:21:04 GMT",6620
0,258,72.24,280,1385,"Thu, 14 Jan 2021 00:30:46 GMT",True,"Thu, 14 Jan 2021 23:35:46 GMT",6140
0,1428,114.24,80,360,"Thu, 14 Jan 2021 18:41:20 GMT",True,"Fri, 15 Jan 2021 00:41:10 GMT",6620
0,1428,114.24,80,360,"Fri, 15 Jan 2021 17:15:57 GMT",True,"Fri, 15 Jan 2021 23:15:38 GMT",6620
0,1428,114.24,80,360,"Mon, 18 Jan 2021 18:06:15 GMT",True,"Tue, 19 Jan 2021 00:06:16 GMT",6620
0,1428,114.24,80,360,"Tue, 19 Jan 2021 18:24:29 GMT",True,"Wed, 20 Jan 2021 00:24:20 GMT",6620
0,380,7.6,20,168,"Thu, 21 Jan 2021 21:14:33 GMT",True,"Thu, 21 Jan 2021 23:53:19 GMT",10598
0,258,72.24,280,1385,"Mon, 25 Jan 2021 20:04:57 GMT",True,"Tue, 26 Jan 2021 19:09:58 GMT",6140
0,1428,114.24,80,360,"Wed, 27 Jan 2021 16:17:53 GMT",True,"Wed, 27 Jan 2021 22:17:26 GMT",6620
0,258,72.24,280,1385,"Thu, 28 Jan 2021 19:48:37 GMT",True,"Fri, 29 Jan 2021 18:53:37 GMT",6140
0,1428,114.24,80,360,"Fri, 29 Jan 2021 16:38:38 GMT",True,"Fri, 29 Jan 2021 22:37:43 GMT",6620
0,1428,114.24,80,360,"Mon, 01 Feb 2021 17:24:35 GMT",True,"Mon, 01 Feb 2021 23:24:23 GMT",6620
0,1428,114.24,80,360,"Tue, 02 Feb 2021 21:14:14 GMT",True,"Wed, 03 Feb 2021 03:14:01 GMT",6620
0,1428,114.24,80,360,"Thu, 04 Feb 2021 19:20:56 GMT",True,"Fri, 05 Feb 2021 01:20:39 GMT",6620
0,350,10.5,30,252,"Fri, 05 Feb 2021 16:38:13 GMT",True,"Fri, 05 Feb 2021 20:50:14 GMT",10808
1,350,10.5,30,192,"Fri, 05 Feb 2021 16:43:46 GMT",True,"Fri, 05 Feb 2021 19:50:14 GMT",10808
0,1428,114.24,80,360,"Fri, 05 Feb 2021 17:29:40 GMT",True,"Fri, 05 Feb 2021 23:29:29 GMT",6620
0,1428,114.24,80,360,"Mon, 08 Feb 2021 17:24:40 GMT",True,"Mon, 08 Feb 2021 23:24:24 GMT",6620
0,350,10.5,30,252,"Tue, 09 Feb 2021 16:40:13 GMT",True,"Tue, 09 Feb 2021 20:52:13 GMT",10808
0,1428,114.24,80,360,"Tue, 09 Feb 2021 20:25:09 GMT",True,"Wed, 10 Feb 2021 02:24:49 GMT",6620
0,274,27.4,100,600,"Wed, 10 Feb 2021 17:28:25 GMT",True,"Thu, 11 Feb 2021 03:28:25 GMT",10924
1,274,52.06,190,600,"Wed, 10 Feb 2021 18:04:07 GMT",True,"Thu, 11 Feb 2021 03:28:25 GMT",10924
0,1428,114.24,80,360,"Wed, 10 Feb 2021 18:16:10 GMT",True,"Thu, 11 Feb 2021 00:15:57 GMT",6620
0,350,10.5,30,252,"Thu, 11 Feb 2021 16:22:08 GMT",True,"Thu, 11 Feb 2021 20:34:08 GMT",10808
1,350,10.5,30,480,"Thu, 11 Feb 2021 16:24:29 GMT",True,"Fri, 12 Feb 2021 00:22:08 GMT",10808
0,258,72.24,280,1385,"Fri, 12 Feb 2021 06:07:10 GMT",True,"Sat, 13 Feb 2021 05:12:10 GMT",6140
0,1428,114.24,80,360,"Fri, 12 Feb 2021 16:47:45 GMT",True,"Fri, 12 Feb 2021 22:47:21 GMT",6620
0,350,10.5,30,252,"Tue, 16 Feb 2021 16:36:17 GMT",True,"Tue, 16 Feb 2021 20:48:17 GMT",10808
0,1428,114.24,80,360,"Tue, 16 Feb 2021 16:44:44 GMT",True,"Tue, 16 Feb 2021 22:44:35 GMT",6620
0,350,10.5,30,252,"Tue, 16 Feb 2021 19:15:38 GMT",True,"Tue, 16 Feb 2021 23:27:38 GMT",10808
1,350,10.5,30,132,"Tue, 16 Feb 2021 19:15:58 GMT",True,"Tue, 16 Feb 2021 21:27:38 GMT",10808
0,1428,114.24,80,360,"Wed, 17 Feb 2021 16:44:59 GMT",True,"Wed, 17 Feb 2021 22:44:43 GMT",6620
0,1428,114.24,80,360,"Thu, 18 Feb 2021 18:18:06 GMT",True,"Fri, 19 Feb 2021 00:17:47 GMT",6620
0,258,72.24,280,1385,"Thu, 18 Feb 2021 21:48:45 GMT",True,"Fri, 19 Feb 2021 20:53:45 GMT",6140
0,350,35.0,100,480,"Fri, 19 Feb 2021 16:58:14 GMT",True,"Sat, 20 Feb 2021 00:40:41 GMT",10808
1,350,10.5,30,240,"Fri, 19 Feb 2021 16:58:35 GMT",True,"Fri, 19 Feb 2021 20:40:41 GMT",10808
0,1428,114.24,80,360,"Fri, 19 Feb 2021 18:50:29 GMT",True,"Sat, 20 Feb 2021 00:50:29 GMT",6620
0,1428,114.24,80,360,"Wed, 24 Feb 2021 17:37:26 GMT",True,"Wed, 24 Feb 2021 23:37:23 GMT",6620
0,1428,114.24,80,360,"Thu, 25 Feb 2021 19:56:33 GMT",True,"Fri, 26 Feb 2021 01:55:34 GMT",6620
0,258,72.24,280,1385,"Thu, 25 Feb 2021 19:59:28 GMT",True,"Fri, 26 Feb 2021 19:04:29 GMT",6140
0,1428,114.24,80,360,"Fri, 26 Feb 2021 19:58:17 GMT",True,"Sat, 27 Feb 2021 01:58:00 GMT",6620
0,350,10.5,30,252,"Mon, 01 Mar 2021 17:14:52 GMT",True,"Mon, 01 Mar 2021 21:02:53 GMT",10808
0,258,72.24,280,1385,"Mon, 01 Mar 2021 19:31:57 GMT",True,"Tue, 02 Mar 2021 18:36:57 GMT",6140
0,1428,114.24,80,360,"Mon, 01 Mar 2021 21:02:25 GMT",True,"Tue, 02 Mar 2021 03:02:09 GMT",6620
0,310,31.0,100,480,"Mon, 01 Mar 2021 22:58:07 GMT",True,"Tue, 02 Mar 2021 06:57:45 GMT",11242
1,310,31.0,100,480,"Mon, 01 Mar 2021 22:58:50 GMT",True,"Tue, 02 Mar 2021 06:57:45 GMT",11242
0,310,31.0,100,480,"Tue, 02 Mar 2021 18:23:15 GMT",True,"Wed, 03 Mar 2021 02:22:53 GMT",11242
0,1428,114.24,80,360,"Wed, 03 Mar 2021 16:42:21 GMT",True,"Wed, 03 Mar 2021 22:41:36 GMT",6620
0,350,10.5,30,252,"Wed, 03 Mar 2021 16:47:18 GMT",True,"Wed, 03 Mar 2021 20:59:19 GMT",10808
0,310,62.0,200,558,"Thu, 04 Mar 2021 18:40:39 GMT",True,"Fri, 05 Mar 2021 03:58:39 GMT",11242
1,310,65.1,210,662,"Thu, 04 Mar 2021 22:57:11 GMT",True,"Fri, 05 Mar 2021 05:42:39 GMT",11242
0,350,10.5,30,252,"Fri, 05 Mar 2021 16:42:50 GMT",True,"Fri, 05 Mar 2021 20:54:51 GMT",10808
0,1428,114.24,80,360,"Fri, 05 Mar 2021 16:43:17 GMT",True,"Fri, 05 Mar 2021 22:43:17 GMT",6620
0,274,65.76,240,778,"Fri, 05 Mar 2021 17:35:28 GMT",True,"Sat, 06 Mar 2021 06:33:28 GMT",10924
0,380,76.0,200,558,"Fri, 05 Mar 2021 17:49:48 GMT",True,"Sat, 06 Mar 2021 03:07:49 GMT",11242
1,380,38.0,100,764,"Fri, 05 Mar 2021 23:50:21 GMT",True,"Sat, 06 Mar 2021 06:33:49 GMT",11242
0,350,10.5,30,252,"Mon, 08 Mar 2021 16:47:21 GMT",True,"Mon, 08 Mar 2021 20:59:22 GMT",10808
0,1428,114.24,80,360,"Mon, 08 Mar 2021 19:55:36 GMT",True,"Tue, 09 Mar 2021 01:55:37 GMT",6620
0,380,76.0,200,558,"Mon, 08 Mar 2021 20:04:52 GMT",True,"Tue, 09 Mar 2021 05:22:52 GMT",11242
0,350,10.5,30,252,"Tue, 09 Mar 2021 17:07:22 GMT",True,"Tue, 09 Mar 2021 21:19:23 GMT",10808
0,1428,114.24,80,360,"Thu, 11 Mar 2021 03:17:24 GMT",True,"Thu, 11 Mar 2021 09:17:25 GMT",6620
0,350,10.5,30,252,"Thu, 11 Mar 2021 16:56:10 GMT",True,"Thu, 11 Mar 2021 21:08:11 GMT",10808
0,1428,114.24,80,360,"Thu, 11 Mar 2021 20:09:31 GMT",True,"Fri, 12 Mar 2021 02:09:32 GMT",6620
0,350,10.5,30,252,"Fri, 12 Mar 2021 17:07:27 GMT",True,"Fri, 12 Mar 2021 21:19:28 GMT",10808
0,258,72.24,280,1385,"Fri, 12 Mar 2021 19:19:59 GMT",True,"Sat, 13 Mar 2021 18:25:00 GMT",6140
0,274,65.76,240,778,"Fri, 12 Mar 2021 20:29:39 GMT",True,"Sat, 13 Mar 2021 09:27:40 GMT",10924
0,350,10.5,30,252,"Mon, 15 Mar 2021 15:45:54 GMT",True,"Mon, 15 Mar 2021 19:57:54 GMT",10808
0,380,76.0,200,558,"Mon, 15 Mar 2021 16:26:52 GMT",True,"Tue, 16 Mar 2021 01:44:52 GMT",11242
0,274,65.76,240,778,"Mon, 15 Mar 2021 16:31:01 GMT",True,"Tue, 16 Mar 2021 05:29:02 GMT",10924
0,1428,114.24,80,360,"Mon, 15 Mar 2021 19:54:01 GMT",True,"Tue, 16 Mar 2021 01:54:01 GMT",6620
0,350,10.5,30,252,"Tue, 16 Mar 2021 15:55:05 GMT",True,"Tue, 16 Mar 2021 20:07:06 GMT",10808
0,380,76.0,200,558,"Tue, 16 Mar 2021 17:19:32 GMT",True,"Wed, 17 Mar 2021 02:37:33 GMT",11242
0,274,65.76,240,778,"Wed, 17 Mar 2021 15:50:59 GMT",True,"Thu, 18 Mar 2021 04:49:00 GMT",10924
0,1428,114.24,80,360,"Wed, 17 Mar 2021 15:54:21 GMT",True,"Wed, 17 Mar 2021 21:54:21 GMT",6620
0,350,10.5,30,252,"Wed, 17 Mar 2021 16:14:40 GMT",True,"Wed, 17 Mar 2021 20:26:40 GMT",10808
0,380,76.0,200,558,"Wed, 17 Mar 2021 17:15:08 GMT",True,"Thu, 18 Mar 2021 02:33:08 GMT",11242
0,258,72.24,280,1385,"Wed, 17 Mar 2021 21:26:12 GMT",True,"Thu, 18 Mar 2021 20:31:13 GMT",6140
0,380,76.0,200,558,"Thu, 18 Mar 2021 16:31:36 GMT",True,"Fri, 19 Mar 2021 01:49:36 GMT",11242
0,1428,114.24,80,360,"Thu, 18 Mar 2021 19:10:40 GMT",True,"Fri, 19 Mar 2021 01:10:41 GMT",6620
0,274,65.76,240,778,"Fri, 19 Mar 2021 16:34:59 GMT",True,"Sat, 20 Mar 2021 05:33:00 GMT",10924
0,1428,114.24,80,360,"Fri, 19 Mar 2021 17:41:21 GMT",True,"Fri, 19 Mar 2021 23:41:21 GMT",6620
0,380,76.0,200,558,"Fri, 19 Mar 2021 18:56:26 GMT",True,"Sat, 20 Mar 2021 04:14:26 GMT",11242
0,380,76.0,200,558,"Mon, 22 Mar 2021 19:40:51 GMT",True,"Tue, 23 Mar 2021 04:58:52 GMT",11242
0,1428,114.24,80,360,"Mon, 22 Mar 2021 23:03:43 GMT",True,"Tue, 23 Mar 2021 05:03:44 GMT",6620
1,1428,114.24,80,824,"Mon, 22 Mar 2021 23:04:17 GMT",True,"Tue, 23 Mar 2021 12:47:44 GMT",6620
0,331,16.55,50,168,"Tue, 23 Mar 2021 18:17:38 GMT",True,"Tue, 23 Mar 2021 21:05:39 GMT",11920
0,1428,114.24,80,360,"Wed, 24 Mar 2021 15:00:17 GMT",True,"Wed, 24 Mar 2021 21:00:18 GMT",6620
0,274,65.76,240,778,"Wed, 24 Mar 2021 16:15:14 GMT",True,"Thu, 25 Mar 2021 05:13:14 GMT",10924
0,380,76.0,200,558,"Wed, 24 Mar 2021 17:58:00 GMT",True,"Thu, 25 Mar 2021 03:16:00 GMT",11242
0,274,65.76,240,778,"Wed, 24 Mar 2021 21:58:13 GMT",True,"Thu, 25 Mar 2021 10:56:13 GMT",10924
0,380,76.0,200,558,"Thu, 25 Mar 2021 17:40:00 GMT",True,"Fri, 26 Mar 2021 02:58:00 GMT",11242
0,1428,114.24,80,360,"Thu, 25 Mar 2021 17:50:20 GMT",True,"Thu, 25 Mar 2021 23:50:21 GMT",6620
0,274,65.76,240,778,"Fri, 26 Mar 2021 16:03:16 GMT",True,"Sat, 27 Mar 2021 05:01:17 GMT",10924
0,380,76.0,200,558,"Fri, 26 Mar 2021 16:59:18 GMT",True,"Sat, 27 Mar 2021 02:17:18 GMT",11242
0,1428,114.24,80,360,"Fri, 26 Mar 2021 17:36:32 GMT",True,"Fri, 26 Mar 2021 23:36:33 GMT",6620
0,258,72.24,280,1385,"Fri, 26 Mar 2021 23:50:53 GMT",True,"Sat, 27 Mar 2021 22:55:53 GMT",6140
0,1428,114.24,80,360,"Mon, 29 Mar 2021 17:45:40 GMT",True,"Mon, 29 Mar 2021 23:45:40 GMT",6620
0,380,76.0,200,558,"Mon, 29 Mar 2021 19:26:28 GMT",True,"Tue, 30 Mar 2021 04:44:28 GMT",11242
0,258,72.24,280,1385,"Tue, 30 Mar 2021 16:38:34 GMT",True,"Wed, 31 Mar 2021 15:43:35 GMT",6140
0,380,76.0,200,558,"Tue, 30 Mar 2021 17:43:08 GMT",True,"Wed, 31 Mar 2021 03:01:08 GMT",11242
0,380,76.0,200,558,"Wed, 31 Mar 2021 17:06:48 GMT",True,"Thu, 01 Apr 2021 02:24:49 GMT",11242
0,350,10.5,30,252,"Wed, 31 Mar 2021 17:18:16 GMT",True,"Wed, 31 Mar 2021 21:30:17 GMT",10808
0,1428,114.24,80,360,"Wed, 31 Mar 2021 22:27:00 GMT",True,"Thu, 01 Apr 2021 04:27:00 GMT",6620
0,380,76.0,200,558,"Thu, 01 Apr 2021 17:10:44 GMT",True,"Fri, 02 Apr 2021 02:28:44 GMT",11242
0,274,65.76,240,778,"Fri, 02 Apr 2021 16:25:47 GMT",True,"Sat, 03 Apr 2021 05:23:47 GMT",10924
0,380,76.0,200,558,"Fri, 02 Apr 2021 16:29:46 GMT",True,"Sat, 03 Apr 2021 01:47:46 GMT",11242
0,1428,114.24,80,360,"Fri, 02 Apr 2021 19:33:10 GMT",True,"Sat, 03 Apr 2021 01:33:11 GMT",6620
0,274,65.76,240,778,"Fri, 02 Apr 2021 22:10:32 GMT",True,"Sat, 03 Apr 2021 11:08:32 GMT",10924
0,380,76.0,200,558,"Mon, 05 Apr 2021 16:25:48 GMT",True,"Tue, 06 Apr 2021 01:43:48 GMT",11242
0,1428,114.24,80,360,"Mon, 05 Apr 2021 17:23:04 GMT",True,"Mon, 05 Apr 2021 23:23:04 GMT",6620
0,380,76.0,200,558,"Tue, 06 Apr 2021 18:15:33 GMT",True,"Wed, 07 Apr 2021 03:33:33 GMT",11242
0,1428,114.24,80,360,"Wed, 07 Apr 2021 15:56:21 GMT",True,"Wed, 07 Apr 2021 21:56:22 GMT",6620
0,380,76.0,200,558,"Wed, 07 Apr 2021 16:55:11 GMT",True,"Thu, 08 Apr 2021 02:13:12 GMT",11242
0,380,76.0,200,558,"Thu, 08 Apr 2021 16:42:19 GMT",True,"Fri, 09 Apr 2021 02:00:19 GMT",11242
0,380,76.0,200,558,"Fri, 09 Apr 2021 16:33:32 GMT",True,"Sat, 10 Apr 2021 01:51:32 GMT",11242
0,1428,114.24,80,360,"Mon, 12 Apr 2021 17:58:50 GMT",True,"Mon, 12 Apr 2021 23:58:50 GMT",6620
0,380,76.0,200,558,"Mon, 12 Apr 2021 19:54:57 GMT",True,"Tue, 13 Apr 2021 05:12:58 GMT",11242
0,1428,114.24,80,360,"Tue, 13 Apr 2021 18:18:10 GMT",True,"Wed, 14 Apr 2021 00:18:10 GMT",6620
0,310,43.4,140,461,"Tue, 13 Apr 2021 19:23:06 GMT",True,"Wed, 14 Apr 2021 03:04:06 GMT",3618
0,380,76.0,200,558,"Tue, 13 Apr 2021 19:59:47 GMT",True,"Wed, 14 Apr 2021 05:17:48 GMT",11242
0,380,76.0,200,558,"Wed, 14 Apr 2021 18:03:47 GMT",True,"Thu, 15 Apr 2021 03:21:47 GMT",11242
0,1428,114.24,80,360,"Thu, 15 Apr 2021 17:05:01 GMT",True,"Thu, 15 Apr 2021 23:05:02 GMT",6620
0,380,76.0,200,558,"Thu, 15 Apr 2021 18:33:48 GMT",True,"Fri, 16 Apr 2021 03:51:48 GMT",11242
0,274,65.76,240,778,"Fri, 16 Apr 2021 15:48:39 GMT",True,"Sat, 17 Apr 2021 04:46:39 GMT",10924
0,1428,114.24,80,360,"Fri, 16 Apr 2021 16:12:37 GMT",True,"Fri, 16 Apr 2021 22:12:37 GMT",6620
0,380,76.0,200,558,"Fri, 16 Apr 2021 16:32:16 GMT",True,"Sat, 17 Apr 2021 01:50:16 GMT",11242
0,1428,114.24,80,360,"Fri, 16 Apr 2021 19:21:36 GMT",True,"Sat, 17 Apr 2021 01:21:36 GMT",6620
0,258,72.24,280,1385,"Sat, 17 Apr 2021 04:35:57 GMT",True,"Sun, 18 Apr 2021 03:40:58 GMT",6140
0,274,65.76,240,778,"Mon, 19 Apr 2021 16:30:30 GMT",True,"Tue, 20 Apr 2021 05:28:30 GMT",10924
0,380,76.0,200,558,"Mon, 19 Apr 2021 18:46:18 GMT",True,"Tue, 20 Apr 2021 04:04:18 GMT",11242
0,1428,114.24,80,360,"Tue, 20 Apr 2021 17:14:17 GMT",True,"Tue, 20 Apr 2021 23:14:17 GMT",6620
0,380,76.0,200,558,"Tue, 20 Apr 2021 19:13:53 GMT",True,"Wed, 21 Apr 2021 04:31:53 GMT",11242
0,1428,114.24,80,360,"Wed, 21 Apr 2021 15:11:36 GMT",True,"Wed, 21 Apr 2021 21:11:37 GMT",6620
0,380,76.0,200,558,"Wed, 21 Apr 2021 17:22:02 GMT",True,"Thu, 22 Apr 2021 02:40:02 GMT",11242
0,258,72.24,280,1385,"Wed, 21 Apr 2021 17:24:35 GMT",True,"Thu, 22 Apr 2021 16:29:35 GMT",6140
0,310,43.4,140,461,"Wed, 21 Apr 2021 18:14:13 GMT",True,"Thu, 22 Apr 2021 01:55:13 GMT",3618
0,310,43.4,140,461,"Wed, 21 Apr 2021 21:14:46 GMT",True,"Thu, 22 Apr 2021 04:55:46 GMT",3618
0,380,76.0,200,558,"Thu, 22 Apr 2021 16:36:15 GMT",True,"Fri, 23 Apr 2021 01:54:15 GMT",11242
0,1428,114.24,80,360,"Fri, 23 Apr 2021 15:50:46 GMT",True,"Fri, 23 Apr 2021 21:50:47 GMT",6620
0,380,76.0,200,558,"Fri, 23 Apr 2021 19:22:52 GMT",True,"Sat, 24 Apr 2021 04:40:53 GMT",11242
0,1428,114.24,80,360,"Mon, 26 Apr 2021 16:38:18 GMT",True,"Mon, 26 Apr 2021 22:38:18 GMT",6620
0,274,65.76,240,778,"Mon, 26 Apr 2021 17:00:09 GMT",True,"Tue, 27 Apr 2021 05:58:09 GMT",10924
0,258,72.24,280,1385,"Tue, 27 Apr 2021 21:46:12 GMT",True,"Wed, 28 Apr 2021 20:51:13 GMT",6140
0,274,65.76,240,778,"Wed, 28 Apr 2021 19:46:18 GMT",True,"Thu, 29 Apr 2021 08:44:18 GMT",10924
0,1428,114.24,80,360,"Thu, 29 Apr 2021 16:23:41 GMT",True,"Thu, 29 Apr 2021 22:23:42 GMT",6620
0,380,76.0,200,558,"Fri, 30 Apr 2021 16:43:43 GMT",True,"Sat, 01 May 2021 02:01:44 GMT",11242
0,274,65.76,240,778,"Fri, 30 Apr 2021 19:58:44 GMT",True,"Sat, 01 May 2021 08:56:44 GMT",10924
0,380,76.0,200,558,"Tue, 04 May 2021 17:43:58 GMT",True,"Wed, 05 May 2021 03:01:59 GMT",11242
0,1428,114.24,80,360,"Wed, 05 May 2021 15:53:22 GMT",True,"Wed, 05 May 2021 21:53:22 GMT",6620
0,380,76.0,200,558,"Wed, 05 May 2021 16:28:58 GMT",True,"Thu, 06 May 2021 01:46:58 GMT",11242
0,380,76.0,200,558,"Thu, 06 May 2021 16:33:38 GMT",True,"Fri, 07 May 2021 01:51:39 GMT",11242
0,380,76.0,200,558,"Fri, 07 May 2021 15:55:32 GMT",True,"Sat, 08 May 2021 01:13:33 GMT",11242
0,274,65.76,240,778,"Fri, 07 May 2021 16:22:36 GMT",True,"Sat, 08 May 2021 05:20:36 GMT",10924
0,1428,114.24,80,360,"Fri, 07 May 2021 18:06:20 GMT",True,"Sat, 08 May 2021 00:06:20 GMT",6620
0,274,65.76,240,778,"Fri, 07 May 2021 21:20:35 GMT",True,"Sat, 08 May 2021 10:18:35 GMT",10924
0,1428,114.24,80,360,"Mon, 10 May 2021 17:57:54 GMT",True,"Mon, 10 May 2021 23:57:54 GMT",6620
0,380,76.0,200,558,"Mon, 10 May 2021 19:20:28 GMT",True,"Tue, 11 May 2021 04:38:29 GMT",11242
0,1428,114.24,80,360,"Tue, 11 May 2021 16:38:19 GMT",True,"Tue, 11 May 2021 22:38:19 GMT",6620
0,380,76.0,200,558,"Tue, 11 May 2021 17:33:47 GMT",True,"Wed, 12 May 2021 02:51:48 GMT",11242
0,1428,114.24,80,360,"Wed, 12 May 2021 14:53:38 GMT",True,"Wed, 12 May 2021 20:53:38 GMT",6620
0,380,76.0,200,558,"Wed, 12 May 2021 16:28:09 GMT",True,"Thu, 13 May 2021 01:46:10 GMT",11242
0,274,65.76,240,778,"Wed, 12 May 2021 17:35:10 GMT",True,"Thu, 13 May 2021 06:33:10 GMT",10924
0,380,76.0,200,558,"Fri, 14 May 2021 16:25:49 GMT",True,"Sat, 15 May 2021 01:43:50 GMT",11242
0,1428,114.24,80,360,"Fri, 14 May 2021 16:49:35 GMT",True,"Fri, 14 May 2021 22:49:35 GMT",6620
0,274,65.76,240,778,"Fri, 14 May 2021 19:21:45 GMT",True,"Sat, 15 May 2021 08:19:45 GMT",10924
0,1428,114.24,80,360,"Sun, 16 May 2021 16:10:33 GMT",True,"Sun, 16 May 2021 22:10:33 GMT",6620
0,274,65.76,240,778,"Mon, 17 May 2021 16:33:15 GMT",True,"Tue, 18 May 2021 05:31:15 GMT",10924
0,1428,114.24,80,360,"Tue, 18 May 2021 15:03:31 GMT",True,"Tue, 18 May 2021 21:03:31 GMT",6620
0,304,6.08,20,60,"Tue, 18 May 2021 20:50:16 GMT",True,"Tue, 18 May 2021 21:50:16 GMT",10209
0,380,76.0,200,558,"Tue, 18 May 2021 20:52:27 GMT",True,"Wed, 19 May 2021 06:10:28 GMT",11242
1,380,76.0,200,558,"Wed, 19 May 2021 00:16:50 GMT",True,"Wed, 19 May 2021 06:10:28 GMT",11242
0,274,65.76,240,778,"Tue, 18 May 2021 21:06:47 GMT",True,"Wed, 19 May 2021 10:04:48 GMT",10924
0,1428,114.24,80,360,"Wed, 19 May 2021 15:48:19 GMT",True,"Wed, 19 May 2021 21:48:20 GMT",6620
0,258,72.24,280,1385,"Wed, 19 May 2021 19:22:20 GMT",True,"Thu, 20 May 2021 18:27:20 GMT",6140
0,380,76.0,200,558,"Wed, 19 May 2021 19:40:20 GMT",True,"Thu, 20 May 2021 04:58:21 GMT",11242
0,380,76.0,200,558,"Thu, 20 May 2021 18:51:20 GMT",True,"Fri, 21 May 2021 04:09:21 GMT",11242
1,380,76.0,200,558,"Thu, 20 May 2021 22:24:39 GMT",True,"Fri, 21 May 2021 04:09:21 GMT",11242
2,380,76.0,200,558,"Thu, 20 May 2021 22:24:39 GMT",True,"Fri, 21 May 2021 04:09:21 GMT",11242
3,380,76.0,200,558,"Thu, 20 May 2021 22:24:40 GMT",True,"Fri, 21 May 2021 04:09:21 GMT",11242
0,258,72.24,280,1385,"Thu, 20 May 2021 21:20:31 GMT",True,"Fri, 21 May 2021 20:25:32 GMT",6140
0,250,25.0,100,480,"Mon, 24 May 2021 16:01:16 GMT",True,"Mon, 24 May 2021 23:56:38 GMT",6062
0,274,65.76,240,778,"Mon, 24 May 2021 18:57:06 GMT",True,"Tue, 25 May 2021 07:55:07 GMT",10924
0,380,76.0,200,558,"Mon, 24 May 2021 18:59:30 GMT",True,"Tue, 25 May 2021 04:17:31 GMT",11242
0,1428,114.24,80,360,"Mon, 24 May 2021 19:00:58 GMT",True,"Tue, 25 May 2021 01:00:59 GMT",6620
0,380,76.0,200,558,"Tue, 25 May 2021 17:57:01 GMT",True,"Wed, 26 May 2021 03:15:02 GMT",11242
0,1428,114.24,80,360,"Tue, 25 May 2021 18:38:02 GMT",True,"Wed, 26 May 2021 00:38:02 GMT",6620
0,380,76.0,200,558,"Tue, 25 May 2021 20:16:03 GMT",True,"Wed, 26 May 2021 05:34:04 GMT",11242
0,250,25.0,100,301,"Wed, 26 May 2021 15:11:17 GMT",True,"Wed, 26 May 2021 20:04:33 GMT",6062
0,274,65.76,240,778,"Wed, 26 May 2021 20:44:39 GMT",True,"Thu, 27 May 2021 09:42:40 GMT",10924
0,380,76.0,200,558,"Thu, 27 May 2021 16:20:16 GMT",True,"Fri, 28 May 2021 01:38:17 GMT",11242
0,258,72.24,280,1385,"Thu, 27 May 2021 20:35:41 GMT",True,"Fri, 28 May 2021 19:40:42 GMT",6140
0,250,25.0,100,301,"Fri, 28 May 2021 14:37:09 GMT",True,"Fri, 28 May 2021 19:32:10 GMT",6062
0,274,65.76,240,778,"Fri, 28 May 2021 15:17:31 GMT",True,"Sat, 29 May 2021 04:15:31 GMT",10924
0,380,76.0,200,558,"Fri, 28 May 2021 16:32:19 GMT",True,"Sat, 29 May 2021 01:50:20 GMT",11242
0,258,72.24,280,1385,"Fri, 28 May 2021 20:02:39 GMT",True,"Sat, 29 May 2021 19:07:40 GMT",6140
0,380,76.0,200,558,"Tue, 01 Jun 2021 18:26:18 GMT",True,"Wed, 02 Jun 2021 03:44:18 GMT",11242
0,274,65.76,240,778,"Wed, 02 Jun 2021 18:45:20 GMT",True,"Thu, 03 Jun 2021 07:43:20 GMT",10924
0,250,25.0,100,301,"Thu, 03 Jun 2021 17:04:08 GMT",True,"Thu, 03 Jun 2021 21:40:54 GMT",6062
0,258,72.24,280,1385,"Thu, 03 Jun 2021 20:46:26 GMT",True,"Fri, 04 Jun 2021 19:51:26 GMT",6140
0,1428,114.24,80,360,"Fri, 04 Jun 2021 15:39:06 GMT",True,"Fri, 04 Jun 2021 21:39:06 GMT",6620
0,380,76.0,200,558,"Fri, 04 Jun 2021 19:15:04 GMT",True,"Sat, 05 Jun 2021 04:33:04 GMT",11242
0,380,76.0,200,558,"Sat, 05 Jun 2021 17:22:01 GMT",True,"Sun, 06 Jun 2021 02:40:01 GMT",11242
0,250,25.0,100,301,"Mon, 07 Jun 2021 15:32:09 GMT",True,"Mon, 07 Jun 2021 20:04:05 GMT",6062
0,274,65.76,240,778,"Mon, 07 Jun 2021 16:09:11 GMT",True,"Tue, 08 Jun 2021 05:07:11 GMT",10924
0,380,76.0,200,558,"Mon, 07 Jun 2021 19:19:29 GMT",True,"Tue, 08 Jun 2021 04:35:50 GMT",11242
0,250,25.0,100,301,"Tue, 08 Jun 2021 14:39:16 GMT",True,"Tue, 08 Jun 2021 19:34:51 GMT",6062
0,380,76.0,200,558,"Tue, 08 Jun 2021 18:09:24 GMT",True,"Wed, 09 Jun 2021 03:25:29 GMT",11242
0,1428,114.24,80,360,"Tue, 08 Jun 2021 18:23:53 GMT",True,"Wed, 09 Jun 2021 00:23:54 GMT",6620
0,250,25.0,100,301,"Wed, 09 Jun 2021 14:49:50 GMT",True,"Wed, 09 Jun 2021 19:46:07 GMT",6062
0,258,72.24,280,1385,"Wed, 09 Jun 2021 20:41:33 GMT",True,"Thu, 10 Jun 2021 19:46:33 GMT",6140
0,250,25.0,100,301,"Thu, 10 Jun 2021 14:47:39 GMT",True,"Thu, 10 Jun 2021 19:34:00 GMT",6062
0,380,76.0,200,558,"Thu, 10 Jun 2021 16:10:31 GMT",True,"Fri, 11 Jun 2021 01:27:40 GMT",11242
0,1428,114.24,80,360,"Thu, 10 Jun 2021 17:36:55 GMT",True,"Thu, 10 Jun 2021 23:36:56 GMT",6620
0,274,65.76,240,778,"Thu, 10 Jun 2021 20:17:59 GMT",True,"Fri, 11 Jun 2021 09:15:59 GMT",10924
0,258,72.24,280,1385,"Thu, 10 Jun 2021 20:46:19 GMT",True,"Fri, 11 Jun 2021 19:51:19 GMT",6140
0,250,25.0,100,301,"Mon, 14 Jun 2021 17:06:53 GMT",True,"Mon, 14 Jun 2021 20:02:42 GMT",6062
0,380,76.0,200,558,"Mon, 14 Jun 2021 18:31:53 GMT",True,"Tue, 15 Jun 2021 03:49:54 GMT",11242
0,250,25.0,100,301,"Tue, 15 Jun 2021 17:28:10 GMT",True,"Tue, 15 Jun 2021 19:40:22 GMT",6062
0,274,65.76,240,778,"Tue, 15 Jun 2021 16:41:33 GMT",True,"Wed, 16 Jun 2021 05:39:33 GMT",10924
0,380,76.0,200,558,"Tue, 15 Jun 2021 17:57:23 GMT",True,"Wed, 16 Jun 2021 03:15:01 GMT",11242
0,250,25.0,100,301,"Wed, 16 Jun 2021 14:49:03 GMT",True,"Wed, 16 Jun 2021 19:31:42 GMT",6062
0,1428,114.24,80,360,"Wed, 16 Jun 2021 15:26:00 GMT",True,"Wed, 16 Jun 2021 21:26:00 GMT",6620
0,380,76.0,200,558,"Wed, 16 Jun 2021 17:03:22 GMT",True,"Thu, 17 Jun 2021 02:21:22 GMT",11242
0,258,72.24,280,1385,"Wed, 16 Jun 2021 20:52:21 GMT",True,"Thu, 17 Jun 2021 19:57:22 GMT",6140
0,250,25.0,100,301,"Thu, 17 Jun 2021 14:51:07 GMT",True,"Thu, 17 Jun 2021 19:38:47 GMT",6062
0,380,76.0,200,558,"Thu, 17 Jun 2021 16:26:16 GMT",True,"Fri, 18 Jun 2021 01:44:16 GMT",11242
0,274,65.76,240,778,"Thu, 17 Jun 2021 16:40:10 GMT",True,"Fri, 18 Jun 2021 05:38:10 GMT",10924
0,1428,114.24,80,360,"Thu, 17 Jun 2021 17:43:29 GMT",True,"Thu, 17 Jun 2021 23:43:29 GMT",6620
0,1428,114.24,80,360,"Fri, 18 Jun 2021 15:43:30 GMT",True,"Fri, 18 Jun 2021 21:43:31 GMT",6620
0,258,72.24,280,1385,"Fri, 18 Jun 2021 20:40:54 GMT",True,"Sat, 19 Jun 2021 19:45:54 GMT",6140
0,1428,114.24,80,360,"Mon, 21 Jun 2021 17:54:08 GMT",True,"Mon, 21 Jun 2021 23:54:09 GMT",6620
0,1428,114.24,80,360,"Wed, 23 Jun 2021 16:25:17 GMT",True,"Wed, 23 Jun 2021 22:25:18 GMT",6620
0,250,25.0,100,301,"Thu, 24 Jun 2021 15:32:06 GMT",True,"Thu, 24 Jun 2021 20:24:53 GMT",6062
0,258,72.24,280,1385,"Thu, 24 Jun 2021 20:48:08 GMT",True,"Fri, 25 Jun 2021 19:53:08 GMT",6140
0,1428,114.24,80,360,"Fri, 25 Jun 2021 13:59:15 GMT",True,"Fri, 25 Jun 2021 19:59:15 GMT",6620
0,250,25.0,100,301,"Fri, 25 Jun 2021 15:59:41 GMT",True,"Fri, 25 Jun 2021 20:53:59 GMT",6062
0,258,72.24,280,1385,"Fri, 25 Jun 2021 20:45:56 GMT",True,"Sat, 26 Jun 2021 19:50:56 GMT",6140
0,1428,114.24,80,360,"Mon, 28 Jun 2021 19:36:39 GMT",True,"Tue, 29 Jun 2021 01:36:11 GMT",6620
0,1428,114.24,80,360,"Wed, 30 Jun 2021 15:54:16 GMT",True,"Wed, 30 Jun 2021 21:54:17 GMT",6620
0,258,72.24,280,1385,"Wed, 30 Jun 2021 20:57:41 GMT",True,"Thu, 01 Jul 2021 20:02:41 GMT",6140
0,258,72.24,280,1385,"Thu, 01 Jul 2021 21:00:22 GMT",True,"Fri, 02 Jul 2021 20:05:22 GMT",6140
0,1428,114.24,80,360,"Fri, 02 Jul 2021 15:37:18 GMT",True,"Fri, 02 Jul 2021 21:37:18 GMT",6620
0,258,72.24,280,1385,"Fri, 02 Jul 2021 20:51:52 GMT",True,"Sat, 03 Jul 2021 19:56:53 GMT",6140
0,250,25.0,100,301,"Mon, 05 Jul 2021 15:23:38 GMT",True,"Mon, 05 Jul 2021 20:15:33 GMT",6062
0,250,25.0,100,301,"Tue, 06 Jul 2021 14:44:14 GMT",True,"Tue, 06 Jul 2021 19:41:00 GMT",6062
0,250,25.0,100,301,"Wed, 07 Jul 2021 14:44:08 GMT",True,"Wed, 07 Jul 2021 19:41:00 GMT",6062
0,1428,114.24,80,360,"Wed, 07 Jul 2021 15:36:55 GMT",True,"Wed, 07 Jul 2021 21:36:56 GMT",6620
0,250,25.0,100,301,"Thu, 08 Jul 2021 15:11:43 GMT",True,"Thu, 08 Jul 2021 20:08:20 GMT",6062
0,1428,114.24,80,360,"Thu, 08 Jul 2021 17:37:35 GMT",True,"Thu, 08 Jul 2021 23:37:36 GMT",6620
0,250,25.0,100,301,"Mon, 12 Jul 2021 15:31:52 GMT",True,"Mon, 12 Jul 2021 20:28:57 GMT",6062
0,1428,114.24,80,360,"Mon, 12 Jul 2021 19:27:25 GMT",True,"Tue, 13 Jul 2021 01:27:25 GMT",6620
0,258,72.24,280,1385,"Mon, 12 Jul 2021 20:51:05 GMT",True,"Tue, 13 Jul 2021 19:56:06 GMT",6140
0,250,25.0,100,301,"Tue, 13 Jul 2021 15:31:28 GMT",True,"Tue, 13 Jul 2021 20:24:49 GMT",6062
0,1428,114.24,80,360,"Tue, 13 Jul 2021 16:47:33 GMT",True,"Tue, 13 Jul 2021 22:47:34 GMT",6620
0,258,72.24,280,1385,"Tue, 13 Jul 2021 20:47:49 GMT",True,"Wed, 14 Jul 2021 19:52:49 GMT",6140
0,250,25.0,100,301,"Wed, 14 Jul 2021 14:47:28 GMT",True,"Wed, 14 Jul 2021 19:42:03 GMT",6062
0,258,72.24,280,1385,"Wed, 14 Jul 2021 20:58:20 GMT",True,"Thu, 15 Jul 2021 20:03:20 GMT",6140
0,250,25.0,100,301,"Thu, 15 Jul 2021 14:44:37 GMT",True,"Thu, 15 Jul 2021 19:41:31 GMT",6062
0,1428,114.24,80,360,"Thu, 15 Jul 2021 18:49:10 GMT",True,"Fri, 16 Jul 2021 00:49:10 GMT",6620
0,250,25.0,100,301,"Fri, 16 Jul 2021 14:41:45 GMT",True,"Fri, 16 Jul 2021 19:37:55 GMT",6062
0,450,45.0,100,480,"Fri, 16 Jul 2021 17:12:36 GMT",True,"Sat, 17 Jul 2021 01:10:41 GMT",4400
0,258,72.24,280,1385,"Fri, 16 Jul 2021 20:55:38 GMT",True,"Sat, 17 Jul 2021 20:00:38 GMT",6140
0,278,27.8,100,480,"Tue, 20 Jul 2021 13:57:21 GMT",True,"Tue, 20 Jul 2021 21:54:00 GMT",16885
0,450,45.0,100,480,"Tue, 20 Jul 2021 17:37:08 GMT",True,"Wed, 21 Jul 2021 01:33:33 GMT",4400
0,258,72.24,280,1385,"Tue, 20 Jul 2021 20:43:29 GMT",True,"Wed, 21 Jul 2021 19:48:30 GMT",6140
0,400,20.0,50,102,"Tue, 20 Jul 2021 23:01:31 GMT",True,"Wed, 21 Jul 2021 00:43:32 GMT",722
0,250,25.0,100,301,"Wed, 21 Jul 2021 15:35:47 GMT",True,"Wed, 21 Jul 2021 20:32:09 GMT",6062
0,450,45.0,100,480,"Wed, 21 Jul 2021 16:15:13 GMT",True,"Thu, 22 Jul 2021 00:14:49 GMT",4400
1,450,9.0,20,267,"Wed, 21 Jul 2021 16:21:21 GMT",True,"Wed, 21 Jul 2021 20:41:49 GMT",4400
2,450,9.0,20,267,"Wed, 21 Jul 2021 16:21:30 GMT",True,"Wed, 21 Jul 2021 20:41:49 GMT",4400
0,1428,114.24,80,360,"Thu, 22 Jul 2021 15:11:25 GMT",True,"Thu, 22 Jul 2021 21:11:25 GMT",6620
0,450,45.0,100,480,"Thu, 22 Jul 2021 17:18:46 GMT",True,"Fri, 23 Jul 2021 00:58:15 GMT",4400
1,450,8.1,18,84,"Thu, 22 Jul 2021 17:20:31 GMT",True,"Thu, 22 Jul 2021 18:22:15 GMT",4400
2,450,8.1,18,84,"Thu, 22 Jul 2021 17:20:37 GMT",True,"Thu, 22 Jul 2021 18:22:15 GMT",4400
0,258,72.24,280,1385,"Thu, 22 Jul 2021 20:56:22 GMT",True,"Fri, 23 Jul 2021 20:01:22 GMT",6140
0,258,72.24,280,1385,"Fri, 23 Jul 2021 22:06:49 GMT",True,"Sat, 24 Jul 2021 21:11:50 GMT",6140
0,1428,114.24,80,360,"Mon, 26 Jul 2021 17:29:13 GMT",True,"Mon, 26 Jul 2021 23:29:13 GMT",6620
0,1428,114.24,80,360,"Tue, 27 Jul 2021 17:41:07 GMT",True,"Tue, 27 Jul 2021 23:41:08 GMT",6620
0,258,38.7,150,480,"Tue, 27 Jul 2021 17:59:56 GMT",True,"Wed, 28 Jul 2021 01:56:00 GMT",6171
0,1428,114.24,80,360,"Wed, 28 Jul 2021 17:07:03 GMT",True,"Wed, 28 Jul 2021 23:07:03 GMT",6620
0,258,72.24,280,1385,"Wed, 28 Jul 2021 18:56:42 GMT",True,"Thu, 29 Jul 2021 18:01:43 GMT",6140
0,258,72.24,280,1385,"Fri, 30 Jul 2021 21:07:40 GMT",True,"Sat, 31 Jul 2021 20:12:40 GMT",6140
0,258,38.7,150,480,"Tue, 03 Aug 2021 18:03:19 GMT",True,"Wed, 04 Aug 2021 02:03:20 GMT",6171
0,258,72.24,280,1385,"Tue, 03 Aug 2021 21:01:32 GMT",True,"Wed, 04 Aug 2021 20:06:31 GMT",6140
0,258,72.24,280,1385,"Thu, 05 Aug 2021 21:00:41 GMT",True,"Fri, 06 Aug 2021 20:05:10 GMT",6140
0,258,72.24,280,1385,"Fri, 06 Aug 2021 21:17:13 GMT",True,"Sat, 07 Aug 2021 20:22:13 GMT",6140
0,1428,114.24,80,360,"Mon, 09 Aug 2021 15:17:34 GMT",True,"Mon, 09 Aug 2021 21:17:34 GMT",6620
0,1428,114.24,80,360,"Tue, 10 Aug 2021 18:43:56 GMT",True,"Wed, 11 Aug 2021 00:43:57 GMT",6620
0,250,6.0,24,480,"Wed, 11 Aug 2021 16:37:50 GMT",True,"Thu, 12 Aug 2021 00:37:51 GMT",18103
0,1428,114.24,80,360,"Wed, 11 Aug 2021 17:26:07 GMT",True,"Wed, 11 Aug 2021 23:26:08 GMT",6620
0,258,72.24,280,1385,"Wed, 11 Aug 2021 21:24:18 GMT",True,"Thu, 12 Aug 2021 20:29:19 GMT",6140
0,258,72.24,280,1385,"Thu, 12 Aug 2021 21:12:16 GMT",True,"Fri, 13 Aug 2021 20:17:17 GMT",6140
0,258,72.24,280,1385,"Fri, 13 Aug 2021 21:13:12 GMT",True,"Sat, 14 Aug 2021 20:18:12 GMT",6140
0,250,6.0,24,480,"Mon, 16 Aug 2021 15:12:21 GMT",True,"Mon, 16 Aug 2021 23:12:21 GMT",18103
1,250,6.75,27,480,"Mon, 16 Aug 2021 15:58:35 GMT",True,"Mon, 16 Aug 2021 23:12:21 GMT",18103
2,250,6.75,27,480,"Mon, 16 Aug 2021 15:58:40 GMT",True,"Mon, 16 Aug 2021 23:12:21 GMT",18103
0,1428,114.24,80,360,"Mon, 16 Aug 2021 15:21:04 GMT",True,"Mon, 16 Aug 2021 21:21:05 GMT",6620
0,250,6.75,27,480,"Wed, 18 Aug 2021 15:09:08 GMT",True,"Wed, 18 Aug 2021 23:09:08 GMT",18103
0,1428,114.24,80,360,"Wed, 18 Aug 2021 15:49:54 GMT",True,"Wed, 18 Aug 2021 21:49:54 GMT",6620
0,347,34.7,100,480,"Thu, 19 Aug 2021 21:04:17 GMT",True,"Fri, 20 Aug 2021 05:00:19 GMT",18550
0,258,72.24,280,1385,"Thu, 19 Aug 2021 21:01:03 GMT",True,"Fri, 20 Aug 2021 20:06:02 GMT",6140
0,1428,114.24,80,360,"Fri, 20 Aug 2021 16:21:03 GMT",True,"Fri, 20 Aug 2021 22:21:03 GMT",6620
0,258,72.24,280,1385,"Fri, 20 Aug 2021 21:08:02 GMT",True,"Sat, 21 Aug 2021 20:13:03 GMT",6140
0,1428,114.24,80,360,"Mon, 23 Aug 2021 16:03:14 GMT",True,"Mon, 23 Aug 2021 22:03:14 GMT",6620
0,1428,114.24,80,360,"Tue, 24 Aug 2021 19:19:58 GMT",True,"Wed, 25 Aug 2021 01:19:59 GMT",6620
0,1428,114.24,80,360,"Wed, 25 Aug 2021 14:48:36 GMT",True,"Wed, 25 Aug 2021 20:48:36 GMT",6620
0,258,38.7,150,480,"Wed, 25 Aug 2021 19:05:23 GMT",True,"Thu, 26 Aug 2021 03:05:23 GMT",6171
0,250,6.75,27,480,"Thu, 26 Aug 2021 14:36:10 GMT",True,"Thu, 26 Aug 2021 22:36:10 GMT",18103
0,258,38.7,150,480,"Thu, 26 Aug 2021 16:45:40 GMT",True,"Fri, 27 Aug 2021 00:44:57 GMT",6171
0,258,72.24,280,1385,"Thu, 26 Aug 2021 20:51:37 GMT",True,"Fri, 27 Aug 2021 19:56:37 GMT",6140
0,1428,114.24,80,360,"Mon, 30 Aug 2021 17:50:17 GMT",True,"Mon, 30 Aug 2021 23:50:17 GMT",6620
0,258,72.24,280,1385,"Tue, 31 Aug 2021 21:16:01 GMT",True,"Wed, 01 Sep 2021 20:21:02 GMT",6140
0,1428,114.24,80,360,"Wed, 01 Sep 2021 15:40:32 GMT",True,"Wed, 01 Sep 2021 21:40:32 GMT",6620
0,258,72.24,280,1385,"Wed, 01 Sep 2021 22:13:03 GMT",True,"Thu, 02 Sep 2021 21:18:03 GMT",6140
0,1428,114.24,80,360,"Thu, 02 Sep 2021 15:20:11 GMT",True,"Thu, 02 Sep 2021 21:20:11 GMT",6620
0,1428,114.24,80,360,"Fri, 03 Sep 2021 14:26:17 GMT",True,"Fri, 03 Sep 2021 20:26:17 GMT",6620
0,258,72.24,280,1385,"Fri, 03 Sep 2021 22:57:32 GMT",True,"Sat, 04 Sep 2021 22:02:33 GMT",6140
0,250,6.75,27,480,"Tue, 07 Sep 2021 15:21:24 GMT",True,"Tue, 07 Sep 2021 23:21:24 GMT",18103
0,1428,114.24,80,360,"Tue, 07 Sep 2021 15:46:44 GMT",True,"Tue, 07 Sep 2021 21:46:44 GMT",6620
0,250,6.75,27,480,"Wed, 08 Sep 2021 20:59:31 GMT",True,"Thu, 09 Sep 2021 04:59:31 GMT",18103
0,258,72.24,280,1385,"Wed, 08 Sep 2021 21:05:45 GMT",True,"Thu, 09 Sep 2021 20:10:46 GMT",6140
0,258,72.24,280,1385,"Thu, 09 Sep 2021 21:11:43 GMT",True,"Fri, 10 Sep 2021 20:16:44 GMT",6140
0,1428,114.24,80,360,"Fri, 10 Sep 2021 15:33:07 GMT",True,"Fri, 10 Sep 2021 21:33:08 GMT",6620
0,258,72.24,280,1385,"Fri, 10 Sep 2021 21:12:26 GMT",True,"Sat, 11 Sep 2021 20:17:26 GMT",6140
0,1428,114.24,80,360,"Mon, 13 Sep 2021 17:35:32 GMT",True,"Mon, 13 Sep 2021 23:35:32 GMT",6620
0,258,72.24,280,1385,"Mon, 13 Sep 2021 21:21:51 GMT",True,"Tue, 14 Sep 2021 20:26:51 GMT",6140
